id,label,text
581894_1,NO,"""[~bmahler], it looks like this can be closed since the Python UI is gone."""
581894_2,NO,"""Is that true?"""
1954699_1,NO,"""seems this is a CDK issue"""
2389859_1,NO,"""Mladen, any progress please?"""
2389859_2,NO,"""I am transfering my issues so I want to know the current status."""
2099735_1,NO,"""Thanks for reporting."""
2099735_2,NO,"""Fixed on the master (0d43528e) and the 1.6 (9affb57a)."""
1007616_2,NO,"""or someother version?"""
1014746_1,NO,"""ThriftServer.java and Hbase.thrift patched manually, the other files generated using thrift-0.2.0"""
1526597_1,NO,"""I drafted a small benchmark (so far only for android) to demonstrate the issue."""
1202770_1,YES,"""> - FOUserAgent.getStream() is cool and very easy to use (now that it's properly > documented)."""
2042158_1,NO,"""Does it solve your issue ?"""
1394527_1,NO,"""I'll see if I can arrange for the manifest to contain bundle-manifestVersion. """
2464241_1,NO,"""Pushing non-critical issues to the next CR2."""
391418_1,YES,"""i kinda like the black acctually .. but that may largely be due to my prefering the ""fire"" solr logo over the futuristic magnifying glass (the red/orange contrasts nicely with the black/grey.  to my mind, the ""Solr"" ""Sun"" connection has allways been really cool ... """
2464241_2,NO,"""If you think they are critical for CR1, please re-schedule them."""
1045715_1,NO,"""Issue is reproducible at least on Debian 32bit and SLES 10 64bit."""
1016156_1,YES,"""Awesome discussion."""
2355183_1,NO,"""So, I also can say ""this is not yield keyword specific problem""."""
2355183_2,NO,"""Thank you for reviewing."""
1910259_1,NO,"""fixed in revision 478248"""
1878268_1,NO,"""pushed"""
2016201_1,NO,"""Supported by external project"""
696242_1,NO,"""And in that case, the first argument could also be changed from OpenBitSetDISI to OpenBitSet."""
423201_1,NO,"""Until there will be _real_ need of adding new Monoid implementations, I would suggest to postpone the problem and keep *your* version of the patch."""
423201_2,NO,"""Let's fight with the right weapons when we need, I wouldn't use a katana to kill a fly (unless I am Bruce Willis and I'm in Pulp Fiction :P)  best and thanks!"""
1920135_1,NO,"""No issue found after noting how it's invoked."""
501431_1,NO,"""And interestingly suddenly this is moved from MAPREDUCE to OOZIE."""
1080884_1,NO,"""Running patch through hudson."""
829006_1,YES,"""Got it, thanks for the explanation."""
432408_1,NO,"""A new issue (https://issues.apache.org/jira/browse/RAMPARTC-140) is created for implementing SupportingToken assertion."""
962692_1,NO,"""v1 fixes the nit"""
470394_1,NO,"""Patch committed."""
470394_2,NO,"""Thanks Ankit!"""
1358709_1,NO,"""Thanks for the patch, Kim."""
1358709_2,NO,"""I will look at those remaining references to NATIVE::LOCAL in the error messages."""
1358709_3,YES,"""The patch looks good."""
1358709_4,NO,"""I tripped across one puzzling sentence, but it wasn't something that you changed: In the second, longer paragraph of the BUILTIN bullet, we recommend LDAP and user-supplied schemes as alternatives to BUILTIN, but we don't recommend NATIVE."""
1358709_5,NO,"""Did we decide to not recommend NATIVE here or should this be adjusted to include it beside the other safe schemes?"""
1358709_6,NO,"""Thanks."""
2415951_1,NO,"""It could be that this has been resolved already (elsewhere)."""
1589002_1,NO,"""See attached patch."""
1589002_2,NO,"""I'll add docs in Confluence if the example is integrated in Camel's codebase."""
1347060_1,NO,"""Closing all issues created in 2005 and before which are marked resolved"""
1353385_1,NO,"""APIs doc is outdated - thanks"""
1326896_1,NO,"""I have committed a fix for this, please close if you are satisfied."""
1326896_2,NO,"""Thanks."""
1034440_1,YES,"""Cool cool - thanks stack!"""
1125251_1,YES,"""Awesome! This tool is cool."""
924046_2,NO,"""What % of clients do think were stuck like this?"""
954497_2,NO,"""Mind adding your test run results in here?"""
954497_3,NO,"""QA test result is recorded above."""
2483856_1,NO,"""Closing, works like charm now."""
2483856_2,YES,"""Thanks guys for saving mankind!"""
2332982_1,YES,"""This looks safe also"""
368838_1,NO,"""Stefan: are you sure you had a clean build with my patch applied?"""
2095235_1,NO,"""Please follow up on the forum: http://www.jboss.com/index.html?module=bb&op=viewtopic&p=4178893#4178893"""
2006746_1,NO,"""suggested for 3.1.1"""
876443_1,NO,"""Might want to correct the misspelling: *remvoed* AllFromInodesFromMap :)"""
411954_1,NO,"""Thank you very much Les."""
411954_2,YES,"""I've just tested the shiro trunk with karaf-2.2 release and everything works fine :)"""
2114393_1,YES,"""Pretty sure this was fixed by the time we released JRuby 1.6."""
310717_1,NO,"""This patch looks pretty good."""
310717_2,NO,"""I think we should apply it.   """
2369355_1,NO,"""Moved to GA."""
2449525_1,NO,"""This appears to be a issue with Hibernate (the default JPA implementation in JBoss AS) rather than a EJB3 issue. """
614426_2,NO,"""Fixed the MAPREDUCE-3028 commit which broke MR1."""
614426_3,NO,"""Contributed by Hitesh Shah."""
1836807_1,YES,"""Interesting, I just replaced my src with the latest in the trunk and did a compleatly clean build and the problem seems to have gone away."""
1836807_2,NO,"""I'll close the ticket as it looks like a non-issue."""
861953_2,NO,"""* it is impossible to name a column 1 * it is impossible to name a column alias 1  If order by supports this I do not see group by can't?"""
861953_3,NO,"""Do we want to reconsider this?I kinda like the feature. """
2047189_1,NO,"""no POM provided here"""
364849_1,YES,"""This is Awesome Stefan - thanks a million!"""
242158_1,YES,"""This is awesome - works in a one-liner. """
411660_2,NO,"""I resolved the issue via Spring."""
1338828_1,NO,"""This is a screenshot from 1.5.3 and that is how I would expect the Directory Studio to behave."""
1675900_1,NO,"""Harsh, will you have a chance to work on a test for this?"""
1675900_2,NO,"""Please tell me if you'd like me to help."""
2220965_1,NO,"""Misty,  Can you move JBPAPP-7480 to bz and then cross reference the bz number in this Jira and close this one?"""
2220965_2,NO,"""Thanks,  Mike"""
1546239_1,NO,"""v3 rewritten to be lots more explicit and save the vendor, arch, and version numbers for later code to use."""
1577629_2,NO,"""patch by johano; reviewed by jbellis for  """
666093_1,YES,"""Awesome!"""
666093_2,NO,"""We just need a possible mentor here... volunteers...?"""
2309521_1,NO,"""EAR project case is fixed."""
2309521_2,NO,"""Alexey, please verify."""
2118679_1,NO,"""Resolving this issue as it is covered by JBQA-5191 and JBQA-5192."""
2064934_1,NO,"""btw, MCLEAN-18-maven-clean-plugin.patch also applied the maven-clean-plugin-dcabasson-MCLEAN17.txt fix."""
2431973_1,NO,"""> DistributedHashTable is a good solution but then how are we planning  > to acheive let say a Distributed LRU Cache or Distributed Time-limited  > or a Distributed Count-Limited Cache."""
2431973_2,NO,"""I am not mandating to use DistributedHashtable directly by plugging it into Castor as it is, but as the base for 'distributable' TimeLimited, CountLimited et alias cache implementations."""
1862171_1,YES,"""Nice, I did not think about using the system tables."""
1862171_2,NO,"""I will re-work and submit another patch."""
1546890_1,NO,"""Will upgrade to 1.0.10 and check it."""
1546890_2,NO,"""Will re-enable assertions too."""
584745_1,NO,"""{{TrivariateRealFunction}} renamed in r1236932."""
2114722_1,NO,"""yeah, I think so."""
2114722_2,NO,"""we just used it with CBR (content based routing)."""
2114722_3,NO,"""Now the JBossESB changed to SwitchYard and we need to ensure it works."""
1458817_1,YES,"""You're results are awesome Paul. Great work :) Looking forward to see your new JSON parser in trunk whenever you think is ready."""
2277576_1,NO,"""We are restructuring the trunk now from jboss as 4.2 and it's unstable."""
2277576_2,NO,"""You should check out and build revision 693 of the trunk."""
1876165_1,NO,"""pushed"""
1925418_1,NO,"""It is not in the requirement."""
1925418_2,NO,"""I move it into 2.1-M1."""
1116180_1,NO,"""Attaching patch for review."""
646632_1,YES,"""Awesome, you rock, Drew!"""
646632_2,YES,"""Very cool."""
1870702_1,NO,"""Resolved by changing the meaning of maxRows to be across all code tables with a default of 200000, introduced maxRowPerTable with a default of 10000 to take the place of maxRows, and upped the default for maxCount to 200."""
2134769_1,NO,"""I switched to using the JavaSourceLoader and this appears to work fine."""
2143498_1,NO,"""Done except for pages.xml imports."""
1886435_1,NO,"""I'm not sure if this is actually a bug, we had it fixed, but then had to revert it."""
1886435_2,NO,"""I don't remember why right now though."""
678908_1,YES,"""Awesome speedup! Finally all this work shows great results!!"""
1578580_1,NO,"""Integrated in Cassandra #63 (See [http://hudson.zones.apache.org/hudson/job/Cassandra/63/])     """
1042898_1,NO,"""Applied Andrew's patch at r676866."""
1042898_2,NO,"""Please check that it was applied as expected."""
1008127_1,YES,"""@Subbu: Glad I was able to help."""
1008127_2,NO,"""I think nothing is absolute."""
1008127_3,YES,"""I believe in relativity :-)"""
1838332_1,NO,"""This appears to have been fixed"""
1021811_1,YES,"""Great! It's been good to be able to contribute and I hope to be able to more for this awesome project when I have the spare time."""
763414_1,NO,"""and your comments are very welcome.."""
1502391_1,NO,"""Marcus   we need a fix for this - if you can check in we will test it  thanks /sudha"""
1109374_2,NO,"""Add CRC32C as another DataChecksum implementation."""
1109374_3,NO,"""Contributed by Todd Lipcon."""
1749686_1,NO,"""Not a SWF issue."""
1749686_2,NO,"""Please open with Spring Framework."""
2497918_1,NO,"""Issue is also present at JPP 6.0 ER02"""
1620033_1,NO,"""Fixed with revision 164512."""
2453740_1,NO,"""Added org.jboss.test.ejb3.war.deployment.unit.Ejb3WarDeploymentTestCase in r99656."""
358347_1,NO,"""Also see issues like SOLR-2608 that are ignored, i've been running lucene tests in a loop on and off for periods, and basically gave up on solr tests aswel, they randomly fail all the time"""
994958_2,NO,"""This one... Really."""
656966_1,YES,"""Thanks Uwe!"""
947452_1,NO,"""Alright, I'll put this and HBASE-8453 in through trunk today."""
778200_1,NO,"""Sorry, I realise now that ""does not work"" was insufficiently specific."""
1345456_1,NO,"""Seems to be working just fine."""
671581_1,YES,"""Code looks cool."""
1035173_2,NO,"""It looks pretty bad."""
2281006_1,NO,"""[~maxandersen] please review"""
2448836_1,NO,"""Corrected error in comment - please use this one."""
936520_1,NO,"""hbase org.apache.hadoop.hbase.PerformanceEvaluation --nomapred --rows=250000 randomRead 16  10k regions, 5 RS."""
936520_2,NO,"""I tested HBASE-9609 and it does seem to make a huge difference!"""
428835_1,YES,"""Cool - good information to have.  Thanks Lance!"""
2110584_1,NO,"""I integrated the submitted patch in the new JBW, but did not really test it."""
2110584_2,NO,"""Nobody has complained about it yet, but I don't think it should be ported to older versions at this time."""
2480649_1,NO,"""[~saturnism] agreed."""
896857_1,NO,"""# Javadoc in InterDatanodeProtocolServersideTranslator refers to JournalProtocl."""
2461027_1,NO,"""Shelly use JBAS-5873 for the matrix tests :)"""
1112489_1,NO,"""Sanjay, your patch is missing the AuthenticationFilterInitializer.java file"""
1342353_1,NO,"""The pb is not in ApacheDS, but in the startup delay."""
1532029_1,YES,"""Hey very cool. """
1680856_2,NO,"""Thanks, Raymond"""
2383572_1,NO,"""I'll try it on our Fedora."""
1210594_1,NO,"""Hi guys,  I agree 100% on this."""
1210594_2,NO,"""Just a note, there was a long conversation about this here: https://reviews.apache.org/r/4655/ and this is a dup of FLUME-1089."""
654410_1,YES,"""Hi, very cool!"""
654410_2,YES,""" I like the elegant parser!  """
1609815_1,NO,"""Based on review comment, add ""respBody.hasPublishResponse()"" before returning respBody.getPublishResponse()"""
149704_1,NO,"""using g++ (GCC) 4.1.2 20080704 (Red Hat 4.1.2-48) and cppunit 1.12.1."""
216370_1,NO,"""Next try, r1475799 in santuario."""
643278_1,NO,"""Here's a patch that adds in support for SGD."""
1950335_1,NO,"""Fixed in trunk -r746186."""
858038_1,NO,"""Carl, can you review? """
2059930_1,NO,"""I haven't fully grok'd the entire issue yet but have a quick comment: 2.0 was released several months ago...it's not 2.0-alpha-5-SNAPSHOT."""
2379571_1,NO,"""is it essue still open?"""
662713_1,YES,"""Thanks for fixing it so quickly!"""
2120024_1,NO,"""Bozhidar: I agree with your assessment."""
2120024_2,YES,"""Jonathan: over to you :)"""
1274036_1,NO,"""On 2008-04-03 15:57:26.514 laupark commented: Opened."""
1274036_2,NO,"""On 2008-04-04 13:31:57.627 jimurphy commented: fixed rev."""
1274036_3,NO,"""196883 On 2008-04-08 08:38:58.599 wichan commented: Still couldn't find the swfUtils.jar in the webtier.war ad flex-for-cf.zip On 2008-04-09 07:51:01.799 ccreanga commented: Fixed - swfutils.jar was not included in the war"""
1341696_1,NO,"""The code should work."""
1341696_2,NO,"""The API need to be checked and those errors (ie PDU has been fully decoded ...) have to be fixed."""
1341696_3,NO,"""We wil investigate what's going on."""
1341696_4,NO,"""Thanks for the report !"""
2300422_1,NO,"""This patch should do the trick."""
297166_1,YES,"""Cool, looks good."""
2300422_2,NO,"""A test case is needed too"""
1966708_1,NO,"""I suggest, that you have a closer look at the exception."""
1966708_2,NO,"""The absolut portion of the path *is always prepended*."""
922791_1,YES,"""Cool. sounds good to me."""
1966708_3,NO,"""So any of your suggestions do not help."""
1827415_1,NO,"""Assume closed as resolved and released"""
1791300_1,NO,"""PR https://github.com/SpringSource/spring-integration/pull/621"""
920545_1,YES,"""Hi Carlos, This looks awesome! Lots of cool stuff."""
1375548_1,NO,"""I committed patch _c with revision 697897."""
1375548_2,NO,"""Note, that as indicated before, JVMInfo still is part of derbyclient.jar (I assume because of the need to support sysinfo)."""
626247_1,NO,"""Committed to trunk and 0.21 branch."""
626247_2,NO,"""Thanks Amar!"""
820038_1,NO,"""An awesome feature of Hive is the rich type system with excellent support for complex data-structures."""
349941_1,YES,"""Waaaaay cool! I especially like the ""upload file"" option."""
1782818_1,NO,"""Solomon, That is very slick."""
1782818_2,NO,"""I tested it and it works fine."""
1782818_3,NO,"""Thank you."""
1782818_4,NO,"""Chris, This might be a useful technique to add to the documentation or to a HOWTO on the SJC wiki (when / if there is one)  Thanks all."""
729628_1,NO,"""Committed after fixing the typo."""
857455_1,NO,"""One minor point - can you make result a member variable of GenericUDFArrayContains?"""
857455_2,NO,"""This will reduce object creation."""
857455_3,NO,"""The patch needs to be regenerated against the current trunk, but otherwise looks good."""
580447_1,YES,"""cool stuff! a good candidate to put on myfaces-commons-utils, so the user can just add the resource handler on its webapp faces-config."""
1358696_1,NO,"""Thanks, Kristian."""
1358696_2,NO,"""Committed revision 1341814."""
2087167_1,NO,"""Deleted spurious 'Added: svn:executable' from the patch."""
1921841_1,NO,"""The .md extension is used for the readme because it's in MarkDown format, used by GitHub."""
1921841_2,NO,"""See the following page for an example:  https://github.com/seam/examples/tree/master/booking"""
2413399_1,NO,"""It is completely expected an updatesite.zip for all of devstudio is *bigger* than the installer.jar """
795315_1,NO,"""I presume so.  """
639900_1,NO,"""updating, minor errors in pdf doc"""
2545827_1,NO,"""Yup instruction are not correct."""
307058_1,NO,"""""That said, check out setReadLength in TBinaryProtocol."""""
1111284_1,NO,"""I have committed this."""
1111284_2,YES,"""Thanks, Daryn!"""
1111284_3,NO,"""Also thanks Matt for the review."""
2128831_1,NO,"""Yup, I'll get it in today."""
2133916_1,NO,"""Fixed in r544"""
416543_1,NO,"""Yeah, it looks like there are conflicts with RenderingContentRewriter and one of the guice modules."""
939944_1,NO,"""Committed to Trunk."""
939944_2,YES,"""Thanks for the reviews.."""
2293268_1,NO,"""Atlassian 3.2 is in Central."""
532960_1,NO,"""Missfire"""
919520_1,YES,"""Wow, thanks Raghu, that's awesome and will save me a ton of time. """
2078947_1,NO,"""closed with no testing, Ian says this is a code-level change."""
1941338_1,NO,"""When the order of methods change, so the rendering of fragments is bellow the definition, then it works fine."""
1965311_1,NO,"""Two git commits included."""
711469_1,NO,"""Abandoned; no longer necessary."""
1455020_1,YES,"""So very cool, and so very committed-- thanks Matthias, this is awesome."""
1169934_1,YES,"""Took me a few seconds to get it, but then I realized how awesome it is.  """
1169934_2,YES,"""I'm happy to use it as the standard logo (i.e. website, etc.)."""
1064705_2,NO,"""I'm giving this up hoping someone confident in Swing would look into it.  """
723757_1,NO,"""Have you been able to work on that ?"""
723757_2,NO,"""Do you need any help?"""
2441539_1,NO,"""Hi Matt,  Thank you for fixing this issue."""
2441539_2,NO,"""I will use it when it will be included in a future release."""
967366_1,NO,"""Committed the addendum in revision 1414868."""
1776212_1,NO,"""Thanks for pointing out this (rather embarrassing) oversight!"""
1776212_2,NO,"""Fixed for both 2.0 M4 and 1.2.8."""
1649226_1,NO,"""Amila, Could you please check my fix?"""
1649226_2,YES,"""http://svn.apache.org/viewvc?view=rev&revision=468444  Deepal, Thanks!"""
448659_1,NO,"""Hi Drew,  I have upgraded Postage to James3 (see POSTAGE-23) and used your patch at this occasion."""
1597712_1,YES,"""Awesome stuff Stephen! """
1648457_1,NO,"""Looks like we have already taken care of this."""
256481_1,NO,"""are any changes needed to dd2spring for this?"""
1982039_1,NO,"""I suggest making a tooltip with the title of the context help article (a popup)  when the user hovers the question mark icon."""
1920925_1,NO,"""We'll go with this for now, thanks for the fix!"""
912375_1,NO,"""Ran some benchmarks."""
912375_2,NO,"""When the modulus is large, which means that number of collisions is small, LightWeightGSet is much better than GSetByHashMap."""
254374_1,NO,"""added fixVersion"""
2274367_1,NO,"""Rolled over to 0.5.5 to get a stable JavaOne release out"""
1379656_1,NO,"""Can you expand on the difference between a Prepared Statement and a Logical Prepared Statement?"""
1379656_2,NO,"""And also on the difference between a Connection and a Logical Connection?"""
1379656_3,NO,"""Are these already-existing concepts in the client?"""
1379656_4,NO,"""Or did you introduce these concepts?"""
1379656_5,NO,"""Thanks! """
1064678_1,YES,"""Thanks Alexei, the patch is fine. """
2026908_1,NO,"""how does your application.cfc looks like (ormsettings)?"""
2023723_1,NO,"""I think Jason has done this already?"""
1036613_1,NO,"""canceling"""
660369_1,YES,"""Awesome co-op. Thanks, Robert & Mike, for picking this up."""
2367838_2,NO,"""We'll take a look for 1.21."""
903979_1,NO,"""Thanks Matt, Todd and Cos!"""
976523_1,NO,"""From https://builds.apache.org/job/PreCommit-HBASE-Build/2581/console, it is not clear which test hung."""
1593541_1,NO,"""Committed the patch with thanks to Christian."""
1081362_1,NO,"""Sangwon Seo, Thanks for your review."""
1081362_2,NO,"""Could you give me more comments? """
2027278_1,NO,"""fixed."""
2027278_2,NO,"""This obsoletes ~/.m2/maven.properties"""
2465701_1,NO,"""The last bug I see mentioning a HSQL upgrade was JBAS-1618 which ended up with 1.8 RC9."""
2465701_2,NO,"""However, this bug mentions that we were upgrading from 1.8.0.2 to 1.8.0.7."""
2465701_3,NO,"""When did 1.8 RC 9 get upgraded and where is it tracked/documented?"""
1840015_1,NO,"""Done in Weld and TCK"""
1659348_1,NO,"""Applied patch."""
1659348_2,NO,"""Thanks."""
577184_1,NO,"""And many thanks to you Olivier for applying this so quickly!"""
577184_2,YES,"""Cheers!"""
1169132_1,NO,"""quick patch."""
2538101_1,NO,"""What's the operation?"""
604592_1,NO,"""I just committed this to trunk and branch-0.23."""
604592_2,NO,"""Thanks Sid!"""
30489_1,NO,"""Thanks for testing, but please don't close it yet."""
441965_1,NO,"""Fixed; trunk r910567"""
569640_1,NO,"""For _ExternalSpecifications there is already an issue in the JIRA: MYFACES-2582"""
6331_1,NO,"""Thank you."""
6331_2,NO,"""Issue has been resolved."""
1466579_1,NO,"""A new patch including some corrected Japanese sentences and a link to Solr Wiki."""
1847364_1,NO,"""All log statements should now be surrounded by log guards."""
2053349_1,NO,"""Horia Chiorean <hchiorea@redhat.com> made a comment on [bug 1014709|https://bugzilla.redhat.com/show_bug.cgi?id=1014709]  https://github.com/jboss-integration/modeshape/commit/d1d97180c957491bee3654743ebd4a6860314ad3"""
2481795_1,YES,"""Thanks Galder:)"""
886160_1,YES,"""Daryn, the current patch looks good."""
886160_2,NO,"""Thanks!"""
2466250_1,NO,"""Used the new attribute to move ObjectStoreDir from bin to server/xxx/data/tx-object-store"""
490723_1,NO,"""Please also see Glassfish issue 13111: https://glassfish.dev.java.net/issues/show_bug.cgi?id=13111"""
1609085_1,NO,"""Committed as r1382016."""
1609085_2,NO,"""Thanks Sijie."""
2459016_1,NO,"""Joram, notify Jennifer Vennable when you completed this."""
1468735_1,NO,"""Never mind, found it."""
1468735_2,NO,"""Changes applied in revision 1369338."""
1468735_3,NO,"""Many thanks."""
1922211_1,NO,"""Monitor no longer based on protobuf."""
1827379_1,NO,"""periodic bulk close of resolved issues. """
218222_1,NO,"""Thank you!"""
218222_2,NO,"""It's working like a charm."""
886802_1,NO,"""The b-1.0 patch also applies to branch-1."""
2059249_1,YES,"""Sounds good."""
2059249_2,NO,"""I too have been busy on other projects."""
2059249_3,NO,"""I'll try and test with queryIndexesRebuiltSynchronously false today."""
1602017_1,NO,"""fancy applying this patch before 1.3.0?"""
405597_1,NO,"""applied patch (thanks) in r1055887"""
1827876_1,NO,"""Hi Jaikiran,   Didn't you already fix this one?"""
968616_1,NO,"""Thanks!"""
1667340_1,NO,"""Dona, Thiru: can one of you (or anyone else) please review this?"""
1045150_1,NO,"""05 was committed in r613384"""
2327124_1,NO,"""committed to TRUNK (m3)"""
2545846_1,YES,"""This is awesome!"""
966178_1,YES,"""v2 Looks good to me."""
2050066_1,NO,"""applied."""
2050066_2,NO,"""Thanks!"""
513057_1,NO,"""Closing this issue, Jacopo fixed it at r1345528."""
513057_2,NO,"""Thanks Jacopo."""
1124596_2,NO,"""Add EnumSetWritable."""
1124596_3,NO,"""Contributed by He Yongqiang """
1780034_1,NO,"""I'm closing this for the time being, as we've reopened SPR-368."""
913651_1,NO,"""Applied Rodrigo's suggestions"""
1436615_1,NO,"""This was found in via JBossWS CXF so once we've pulled it in to JBoss and tested I'll let you know if there's any issues."""
1436615_2,NO,"""Thanks for the quick response Colm."""
790615_1,NO,"""Hullo?"""
2025362_1,NO,"""Could you open a ticket for this (last comment) Tnx micha"""
2466754_1,NO,"""Hi Thomas, it's here:  https://svn.jboss.org/repos/common/common-old/branches/Branch_1_0/"""
2354572_1,YES,"""Hey, you're right, that idea was probably not the best approach to the problem - 0.6 looks really nice, looking forward to it :)"""
1776805_1,NO,"""Indeed!"""
1776805_2,NO,"""This is actually the case in 2.0.5 already."""
1776805_3,NO,"""Thanks for spotting this, Philipp!"""
907912_1,NO,"""It seems that using {{BufferedOutputStream}} is a better solution since it will also help other operations."""
907912_2,NO,"""BTW, do you know why there are four one-byte packets?"""
889230_1,NO,"""fixed style"""
1549909_1,NO,"""Dupe of CASSANDRA-4042 (we'll include the BF fp change there)"""
2043022_1,NO,"""I think this looks like the same issue as  [MFINDBUGS-55|http://jira.codehaus.org/browse/MFINDBUGS-55]  Garvin """
1093135_2,NO,"""Changed contributed by from Arpit Agarwal to Arpit Gupta."""
1093135_3,NO,"""(Revision 1450575) HADOOP-8917."""
1093135_4,NO,"""add LOCALE.US to toLowerCase in SecurityUtil.replacePattern."""
1093135_5,NO,"""Contributed by Arpit Agarwal."""
2271434_1,NO,"""Marc, you're re-logging your ownn issues :)"""
1569713_1,NO,"""Patch now applies cleanly against latest version of trunk."""
2123473_1,NO,"""Bounce to Doug as this is a SOA issue."""
701054_1,NO,"""Thanks, I just committed the patch."""
701054_2,NO,"""However, I cannot see errors in lucli, can you make a patch for those cases, too? """
1969320_1,YES,"""Thanks for moving so quickly on this guys."""
1969320_2,NO,"""Look forward to seeing it resolved in 3.3.2.GA!"""
977198_1,NO,"""On trunk apparently all use of the ""get"", ""put"", and ""delete"" histograms have already been removed from the regionserver, except for the Jamon templates."""
977198_2,NO,"""Since an approach to put back two such HRegionInterface level measurements with a query/mutate distinction has been +1ed on this issue I'm going to put them back on trunk and port back the changes to 0.94."""
977198_3,NO,"""Calling them queryRequestLatency and mutateRequestLatency in RegionServerMetrics."""
2486241_1,NO,"""This blog post speaks briefly about colocation, and how this can be achieved using AtomicMaps."""
902763_1,NO,"""Thanks Daryn!"""
902763_2,NO,"""for taking a look."""
1157923_1,NO,"""I just committed this."""
1157923_2,YES,"""Thanks, Sanjay!"""
299082_1,NO,"""#NAME?"""
2426284_1,NO,"""After several retries seems we are unable to proceed with releng team to get supported solution."""
2426284_2,NO,"""Will setup mirroring to Brno QA lab."""
175864_1,NO,"""Thanks Claus."""
175864_2,NO,"""If somebody can better formulate my above fragment and place it somewhere in wiki it would be great."""
175864_3,NO,"""I have throuroughly documented this in the XWorkConverterTest, see testStringToInt, testStringToInteger, testStringToPrimitiveDouble and testStringToDouble."""
175864_4,NO,"""If you feel like adding this to the showcase than go on."""
175864_5,NO,"""cheers,  ./alex -- .w( the_mindstorm )p. """
780721_1,YES,"""Cool, thanks Daniel, we're actually cool with either updating it to e9ff8c4928 or flipping the write bit and we'll push the delta ourselves - whatever's the fastest to get to writeable:)  Thanks, --tim"""
805064_2,NO,"""I think the HttpClients service interface must be exported for it to be used."""
805064_3,NO,"""On the other hand the BundleActivator should not be exported and can as well be moved to the osgi.impl package."""
2046200_1,NO,"""Done at revision 1582 - 1585"""
1002038_1,NO,"""Closing as fixed in trunk."""
1002038_2,NO,"""Reopen if I'm mistaken."""
1712997_1,NO,"""We have an HTTP discovery agent in activemq-http no other activity on this issue so closing for now."""
823209_2,NO,"""Although the older patch applied fine for me (patch -p1)."""
2402199_1,YES,"""This is a great suggestion."""
2402199_2,NO,"""jBPM already works this way."""
623487_1,NO,"""Thanks Amar!"""
1573728_1,NO,"""Would your use case be covered by adding a TTL to CF?"""
1573728_2,NO,"""Because that seems like the natural level of granularity for this to me."""
2505559_2,NO,"""Looks like Forge isn't used at companies having a firewall."""
567798_1,NO,"""Attached patch for Myfaces."""
1613607_1,NO,"""the  repairment to BlueSky official website Downloads.html and MailingLists.html  thebluesky group an use the patch freely"""
774797_1,NO,"""adding --rsyncable to our build system, does not seem to be a big task, I am experimenting with it."""
774797_2,NO,"""seen from my chair, this is a very elegant solution, until we can really split our distribution into smaller files (exe + langauge packs) and have a meta installer that combines what the user want. """
1144560_1,NO,"""Regenerated patch with trunk and with an indentation change."""
1876181_1,NO,"""Spoke too soon!"""
1876181_2,NO,"""The SocetException is still there sporadically."""
1016257_1,NO,"""This adds testing of the RegionSplitsTracker."""
874025_1,NO,"""I committed the patch to trunk."""
874025_2,NO,"""Thank you Ivan!"""
874025_3,NO,"""Thanks Daryn for the review."""
1079117_1,NO,"""If possible, let's schedule to 0.4"""
304778_1,NO,"""Whoops, yeah, sorry."""
402189_1,NO,"""Agreed, wildcards (*, ?)"""
402189_2,NO,"""are enough for this, rather than full blown regexp."""
402189_3,NO,"""It's also easier then to tell a wildcard-based config from a normal one."""
1503751_1,NO,"""Feature verification is completed including Upgrade."""
1503751_2,NO,"""hence closing the ticket."""
1422107_1,NO,"""This issue is being tracked by other JIRAs now."""
813473_1,NO,"""RB at https://reviews.apache.org/r/15607/"""
1678213_1,NO,"""I just committed this."""
1678213_2,NO,"""Thanks, Scott!"""
1886471_1,NO,"""Sonar does not use JavaNCSS at all !"""
879312_1,NO,"""The 0.23 patch looks fine."""
879312_2,NO,"""I also tried to resolve merge conflicts and ended up with pretty much the same patch as yours."""
879312_3,NO,"""The only significant code difference seems to be in getBlockLocations()."""
1478633_1,NO,"""Thanks for the patch."""
1478633_2,NO,"""It was applied with minor changes in 2.1.10-dev and 2.2-dev."""
1478633_3,NO,"""Please reopen the issue if needed."""
2167248_1,NO,"""fixed in 1.8. checking in javadoc fixes momentarily"""
2325805_1,NO,"""Committed in r14473 on trunk and r14474 on 2.0.x."""
449674_1,NO,"""I know this hasn't been looked at in quite a while."""
449674_2,NO,"""I can't see the current GOP and GKOP being completely replaced but there may well be some areas where your code could be incorporated."""
449674_3,NO,"""It would help considerably if you could explain what the problem was/is with finite sized pools and the current implementation."""
449674_4,NO,"""Without an explanation of what the issue is, this issue is likely to remain dormant or just be closed as won't fix."""
1433090_1,NO,"""Same in problem in SQLServer, solved with catalog=null and schema=""%"""""
2248369_1,NO,"""Done as part of Felix resolver integration"""
508220_1,NO,"""Latest commits now include filemgr and workflowmgr integration."""
508220_2,NO,"""The work in progress archetype is now committed in the trunk (http://svn.apache.org/repos/asf/oodt/trunk/mvn/archetypes/radix/)."""
1112403_1,NO,"""Bharath,  Since all of this work's goal was done - can this be closed?"""
2276054_1,NO,"""Thanks for Paul King's advice, I tried 1.6.3 again with groovy.bat."""
2276054_2,NO,"""groovy.bat don't have this problem, so the problem is from the native launcher."""
1472345_1,NO,"""Closing as dupe."""
354179_1,YES,"""great, thanks Joel."""
2512266_1,NO,"""Marek Novotny <mnovotny@redhat.com> made a comment on [bug 883918|https://bugzilla.redhat.com/show_bug.cgi?id=883918]  This will be fixed/upgraded to GWT 2.5 in WFK 2.3."""
562642_1,NO,"""Per Doğacan's comment, we need to reopen this and test out his new patch for it."""
562642_2,NO,"""Andrzej, I'd be happy if you reassigned to you, however, I will have some time on Tuesday to look at this if you don't until then."""
1210080_1,NO,"""latest from RB"""
397947_1,NO,"""commit fix http://svn.apache.org/viewvc?rev=729857&view=rev to nmr project http://svn.apache.org/viewvc?rev=729894&view=rev to features project"""
437102_1,NO,"""Robbie,  Could you please review and commit the patch?"""
1477180_1,NO,"""Hmm, it did work on monday for me; strange, I'll have a look at it right now"""
1648070_1,NO,"""reviewed and committed patch."""
1648070_2,NO,"""Thanks Charitha."""
2178588_1,NO,"""Added to portletswap, but not the distro until we have themed groupings."""
1593075_1,NO,"""Thanks for reporting."""
1593075_2,NO,"""Yeah classloading in JBoss is a bit tricky :)"""
205810_1,YES,"""Thanks for reporting, solved!"""
1945698_1,NO,"""Applied slightly modified patch in [r18180|http://fisheye.codehaus.org/changelog/mojo/?cs=18180]."""
1945698_2,NO,"""Thanks!"""
817949_1,NO,"""[~ashutoshc] Thanks."""
938924_1,NO,"""The rpc changes look good to me in the patch (smile)"""
1465991_1,NO,"""I will rewrite that part."""
2134187_1,NO,"""Scratch that, this fails horribly after the change to unparsing negative numbers as hex."""
2334381_1,NO,"""Fixed in next savara release."""
1647861_1,NO,"""Some more work towards full SAAJ 1.3 implementation."""
929227_1,NO,"""Patch for 0.96 corresponding to latest trunk patch."""
286038_1,YES,"""it belongs to faces 1.2 :)"""
520700_1,NO,"""Thanks Amit,  Your patch is in trunk at r832776, R9.04 r832779 """
1413572_1,NO,"""We decided not to support jdk13 jvms with 10.3, so there's no point in attempting to change anything at this point."""
693792_1,NO,"""OK thanks for the review guys!"""
693792_2,NO,"""I'll commit soon."""
1210099_1,NO,"""Patch committed."""
580709_1,YES,"""Ok cool, this is just a matter of adding strings to the various [NotFound()|https://github.com/apache/mesos/blob/0.15.0-rc4/src/files/files.cpp#L160] returns in files.cpp  There are a number of error cases in the [browse|https://github.com/apache/mesos/blob/0.15.0-rc4/src/files/files.cpp#L204] and [read|https://github.com/apache/mesos/blob/0.15.0-rc4/src/files/files.cpp#L204] endpoints, I'd imagine one could change the javascript to generate bad requests which should be sufficient to test this :)"""
1210099_2,NO,"""Thanks Hari!"""
741066_1,NO,"""Ping?"""
741066_2,NO,"""Did you manage to create a test program?"""
741066_3,NO,"""It looks like there is an unencodable character."""
2547124_1,NO,"""JMX support will be implemented with the remoting project."""
545539_1,YES,"""cool, no worries."""
2269259_1,NO,"""As of the new log4j DSL this is not an issue"""
1865359_1,NO,"""Tested by submitter."""
1149665_1,NO,"""I just committed this."""
1149665_2,NO,"""Thanks, Amar - this was a long-drawn affair!"""
717914_1,NO,"""Fixed for exclusion: http://svn.apache.org/viewvc?view=revision&revision=1539249"""
288955_1,NO,"""Hi  Thanks for your help testing this stuff."""
288955_2,NO,"""I did a review and I found the problem is not on tomahawk."""
288955_3,NO,"""Really it is a side effect of the browser (IE 7 and IE 8)."""
288955_4,NO,"""In few words, onchange event is not published until the checkbox lost focus."""
288955_6,NO,"""I'll close this issue as won't fix, but anyway I commit the fix on tomahawk examples."""
310347_1,NO,"""89 and 90 look fine."""
376257_1,YES,"""Cool feature!  Performance:  - It looks like scripts are read from the resource loader and parsed again (eval) for every update request."""
2116246_1,NO,"""Yes, this was fixed through Yecht."""
2375072_1,NO,"""Should be fixed with DOXIA-390, I added your test case."""
2375072_2,NO,"""Thanks!"""
52899_1,NO,"""all history lost?"""
52899_2,NO,"""for example: https://github.com/hibernate/hibernate-core/commits/3.6/hibernate-testsuite/pom.xml https://github.com/hibernate/hibernate-core/commits/3.6/testsuite/pom.xml"""
420205_1,NO,"""Review board: https://reviews.apache.org/r/15335/"""
1131871_1,NO,"""I just committed this."""
1131871_2,NO,"""Thanks, Amar!"""
1447417_1,NO,"""patch reviewed and applied by Eoghan with r502283"""
1473434_1,NO,"""Extra javadoc added"""
260556_1,YES,"""Thanks Ram,  That seems like a definite improvement."""
260556_2,YES,"""Interesting that you decided not to detect the error based on finding two similarly-named operations."""
260556_3,NO,"""I wonder if there are any advantages to your way of doing it over mine, but I think yours will definitely work to detect the error cases I had in mine.  """
1556724_1,NO,"""Fair enough."""
705725_1,NO,"""Hello Bhumir,  I think Ivan is right - can you try to test your case with the complete version of log4php, not only the files I have mentioned."""
705725_2,NO,"""Thanks for you patience - this is a nasty issue."""
705725_3,NO,"""Cheers Christian"""
1947696_1,NO,"""committed r1296706."""
1048920_1,NO,"""both patches applied, looks good."""
2333436_1,NO,"""This never got into Indigo - pusihing for it to go into Juno."""
2255647_1,NO,"""I'm not convinced making GrailsApplication serializable is a good idea."""
2255647_2,NO,"""You ""workaround"" of making it transient is the correct solution. """
1544053_1,NO,"""It applies, thanks."""
1009987_1,NO,"""TestMultiColumnScanner has been committed to trunk."""
2110473_1,NO,"""it is fixed by r1358 in jbossweb  2.1.x."""
1415518_1,NO,"""Unsetting Fix Version on unassigned issues."""
1563950_1,NO,"""Excellent, the performance is much better."""
1563950_2,NO,"""Committed."""
677469_1,NO,"""Bulk close for 3.1"""
1936386_1,NO,"""[~lfryc], [~bleathem], [~ppitonak] Do you think guys that those page fragments methods which depend on JSON parsing - aka various {{setupFromWidget}} should throw {{UnsupportedOperationException}} till this issue is resolved ?"""
1936386_2,NO,"""IMHO not, as we can quite quickly implement this, right ?"""
1586131_1,NO,"""Applied patch with thanks to Oliver."""
383828_1,NO,"""Bulk close for Solr 1.4"""
803094_1,NO,"""Hi Oleg  Would you be able to review this one?"""
803094_2,NO,"""thanks asankha"""
2385607_1,NO,"""Yeah, this was a word which somebody had looked up in Dacco."""
2385607_2,NO,"""I saw 'acusament de recepció' in the GDLC but I wasn't certain what it was in English."""
2385607_3,NO,"""Perhaps 'acknowledgement slip' would be the most commonly used term in English?"""
1434805_1,NO,"""Applied the same fix as in issue 25001  http://cvs.apache.org/viewcvs.cgi/jakarta-commons/dbcp/src/java/org/apache/commons/dbcp/datasources/PerUserPoolDataSource.java?r1=1.10&r2=1.11&diff_format=h """
1343673_1,NO,"""Postponed to 2.0.0-RC1"""
1918526_1,NO,"""fixed by Shane."""
2268310_1,NO,"""Steve, can you clarify?"""
2268310_2,NO,"""I'm not seeing how including a dependency would alter the fundamental behavior of createLink() and createLinkTo() requiring a request object."""
816711_1,NO,"""Here are my thoughts about how it can be approached."""
855337_1,NO,"""Fine with me. """
2226346_1,NO,"""On the recommendation of Weinan"""
2127485_1,NO,"""Resolved in commit 5260 (patch by Vladimir Sizikov)"""
1615699_1,NO,"""Patch submitted."""
1615699_2,NO,"""Please review."""
1615699_3,NO,"""Thank you."""
1618006_1,NO,"""I filed bug # 42715 with ASF Bugzilla about the ant.version issue."""
426446_1,NO,"""Seems fine to me."""
578535_1,NO,"""Thanks for looking after this."""
578535_2,NO,"""I will be working to integrate this when I am back in CA."""
980981_1,NO,"""Thanks Andy."""
980981_2,NO,"""Added as a subtask [HBASE-6157] to this parent jira."""
980981_3,NO,"""Hope that should be fine."""
478251_1,NO,"""I added the PDType1CFont patch in revision 1425301"""
1807502_1,NO,"""Clocked asyncs are fixed in r19148."""
485706_1,NO,"""Since we will have another RC, we decided to include this change in 1.5.2."""
1125728_1,NO,"""Attaching patch which incorporates Hemanth's comments."""
1883953_1,NO,"""Documentation is still a bit lacking"""
1799586_1,NO,"""Don't absue the ticketing system"""
668048_1,NO,"""I committed {{BasicFunctionalityTest.testHTMLStrip()}} to branch_3x - it succeeds for me with no changes required."""
2165641_1,NO,"""The per invocation timeout facility has been added for the rmi and sslrmi transports."""
2165641_2,NO,"""Unit test: org.jboss.test.remoting.transport.rmi.timeout.RMIPerInvocationTimeoutTestCase."""
2540286_1,NO,"""Thanks for the answer Mohammad wrk."""
2540286_2,NO,"""Indeed this saved some time."""
887367_1,NO,"""Looks like this was fixed in HDFS-3966 (For branch-1, TestFileCreation should use JUnit4 to make assumeTrue work)."""
893309_1,NO,"""I'm envisioning something like `hdfs dfsadmin -fetchimage <local path>' which would use the existing GetImageServlet to download the fsimage over HTTP, saving it at <local path>."""
2131161_1,NO,"""I'm kinda dissapointed."""
2131161_2,NO,"""I'm using jruby.bat from jruby 0.9 and it works fine."""
248476_1,NO,"""applied Marnix's patch to trunk."""
1506060_2,NO,"""url: https://192.168.124.100/sdk/vimService, username: Administrator, password: C******"""
2277641_1,NO,"""Note, this used to work fine in 2.7, looking at ""git blame"" output it would seem the regression happened as Niels added support for 3D bboxes"""
1607244_1,NO,"""patch looks good."""
1607244_2,NO,"""+1 thanks Ivan."""
456364_2,NO,"""Koji Noguchi, I think this was fixed."""
456364_3,NO,"""I don't see the issue on trunk."""
456364_4,NO,"""Just realize that."""
456364_5,NO,"""Thanks!"""
456364_6,NO,"""Can you show me which jira fixed this?"""
456364_7,NO,"""I should have tested with trunk before creating this jira."""
456364_8,NO,"""I think I even tried with pig-0.11 to confirm the problem."""
1678217_1,NO,"""I'm sorry for the confusion."""
2036173_1,NO,"""Thanks Ittay."""
2036173_2,NO,"""Can you provide a little more context on this please...   1."""
2036173_3,NO,"""Under what runtime conditions are you seeing this.?"""
2036173_5,NO,"""2"""
2036173_6,NO,"""Would you have a test that we can use to reproduce?"""
1050624_1,NO,"""Verified."""
1050624_2,YES,"""It's OK."""
1050624_3,NO,"""Thanks very much!"""
1132629_1,NO,"""The -branch-18 patch does not apply to Hadoop 0.18.3."""
1132629_3,NO,"""The only definitions of ""OutputStream baseStream"" are in run(), copyBlock(), and readBlock()."""
1132629_5,NO,"""Raghu, am I correct here?"""
1723915_1,NO,"""Resolving the issue as the patch was applied to Airavata trunk."""
658099_1,NO,"""I see FilteringTokenFilter has a similar first token pos incr fixup, so this problem is handled in at least one other filter."""
658099_2,NO,"""I'll take a broader look tomorrow. """
527415_1,NO,"""Jacques, if you create separate issues for the erros (icluding the logs) I can take a look them."""
527415_2,NO,"""Thanks for your vote."""
527415_3,NO,"""Any other opinions about the patch?"""
1720530_1,NO,"""+1 for the patch."""
1720530_2,NO,"""Committed to trunk."""
1720530_3,NO,"""Thanks Arpit!"""
1191390_1,NO,"""I think your logic is right."""
1191390_2,NO,"""This is what I understand."""
1191390_3,NO,"""1"""
1191390_4,NO,"""FileSystemView is the user file system view so it can have canDelete() and canRead() methods ..... this is fine."""
1191390_5,NO,"""2"""
1191390_6,NO,"""FileSystemView can have user object to indicate whose file system view it is representing."""
1191390_7,NO,"""3"""
1191390_8,NO,"""In that case, caching will be at the FileSystemView level (not at FileObject level)."""
1191390_9,NO,"""Logically this is also fine."""
1191390_10,NO,"""NativeFileSystemView represents the underlying OS file system view - no more no less."""
1191390_11,NO,"""Caching is a specialized function."""
1191390_12,NO,"""So if necessary we can add another FileSystemManager implementation which will support caching."""
1191390_13,NO,"""But it may not be appropriate to add this in NativeFileSystem classes."""
1191390_14,NO,"""So the action items: 1. canDelete(), canRead() and canWrite() will be moved to FileSystemView from FileObject.  """
1830169_1,NO,"""Please review and close out if appropriate."""
1043193_1,NO,"""This issue has been fixed by the Harmony-5834."""
1043193_2,NO,"""The testcase is helpful for ArrayList."""
1043193_3,NO,"""Thanks very much for the contribution."""
1043193_4,NO,"""The fixing is available in all builds after r658561."""
587137_1,NO,"""solved in subversion repository as of r818942."""
587137_2,NO,"""patch applied with slight changes thanks for the report and thanks for the patch"""
942679_1,NO,"""Thanks for the patch Gustavo."""
942679_2,NO,"""I applied to 0.95 and trunk."""
1821302_1,NO,"""I thought there was already a (Hibernate specific?)"""
1821302_3,NO,"""Some property which points to a ""DDL file""."""
1821302_4,NO,"""It might have meant to create a DB schema, but perhaps you can just use it to do whatever migration activity that you are looking for? """
1680193_1,NO,"""Please apply the attached patch by doing the following:  1."""
1680193_2,NO,"""Add the new file modules\java2wsdl\src\test\java\org\apache\tuscany\tools\java2wsdl\generate\ExampleService.java 2."""
1680193_3,NO,"""Apply the changes in patch1658 3."""
1680193_4,NO,"""Unzip ws-void-args-return under the itest directory 4."""
1680193_5,NO,"""Update the pom for itest to include ws-void-args-return  This patch fixes TUSCANY-1658 and TUSCANY-1653, and add an itest to verify the fix."""
1680193_6,NO,"""It also includes a corresponding change in java2wsdl to handle the two-way void return case correctly."""
1659339_1,NO,"""Applied patch."""
1659339_2,NO,"""Thanks!"""
854145_1,NO,"""+1, looks good. """
1025268_1,NO,"""One final note, the error handling should have its own JIRA so that it is addressed one day?"""
1025268_2,NO,"""Oh, and that wiki page for the shell is slightly formatted wrong by the looks, it changes to cursive/italics and stays until the end."""
1025268_3,NO,"""And the .irbrc sample output has no line breaks and makes it difficult to read it."""
877499_2,NO,"""Fix race conditions in Balancer."""
877499_3,NO,"""Contributed by Junping Du (szetszwo: http://svn.apache.org/viewcvs.cgi/?root=Apache-SVN&view=rev&rev=1532932) * /hadoop/common/trunk/hadoop-hdfs-project/hadoop-hdfs/CHANGES.txt * /hadoop/common/trunk/hadoop-hdfs-project/hadoop-hdfs/src/main/java/org/apache/hadoop/hdfs/server/balancer/Balancer.java """
2065257_1,NO,"""Applied the patch to implement Workspace.move"""
234857_1,NO,"""We pretty much already had the interface we wanted for this (IFixedLocationResourceStream)."""
234857_2,NO,"""I only needed to let MarkupResourceStream also implement it."""
234857_3,NO,"""And then MarkupCache uses that interface to checkout what the actual file is  I dont think we will get IResourceStream implementation that are not File or URL and if we do then we fallback on the cachekey only approache."""
234857_4,NO,"""It seems to work fine for me when i test locally, the markup is only created once per fixed location and then access through  cachekey -> locationstring -> markup  So if locationString doesn't work we get this:  cachekey -> cachekey -> markup  But i guess that is a very small percentage if there is even 1 on this planet...  should we include this into 1.3.2?"""
1049100_1,NO,"""Thanks Tatyana - the third patch was applied to BTI branch 2.0 at r552655."""
1049100_2,NO,"""Please check that the patch was applied as you expected and close the issue if everything is OK for you."""
1899200_1,NO,"""Sebastian, as Sonar calls the cobertura maven plugin there is not much we can do."""
1899200_2,NO,"""Until the patch gets applied, you might want to use Emma as coverage engine with the Sonar Emma Plugin (or Clover, but it is free only for a month)"""
2146300_1,NO,"""Hi Matt,  Encrypting the serialized component tree will not solve the problem of stale view state."""
2146300_2,NO,"""The Sun JSF-RI team have implemented a fix for this issue."""
2146300_3,NO,"""It will be available in 1.2_05."""
2146300_4,NO,"""See the following link for more info:  https://javaserverfaces.dev.java.net/issues/show_bug.cgi?id=612  Thanks, Ian"""
1863393_1,NO,"""the configuration in the POM works fine with 2.4.3."""
2323091_1,NO,"""Patch applied on 2.1.x, 2.2.x and trunk"""
385042_1,NO,"""Just an update:  # SOLR-1131: aka poly fields is almost ready to go."""
385042_2,NO,"""Please review."""
385042_3,NO,"""# SOLR-1297: sort by function query just needs review and then can be committed."""
385042_4,NO,"""After that, we can add in the Cartesian Tier indexing and the Cartesian Tier QParserPlugin (after a little re-write)."""
385042_5,NO,"""Then we need pseudo-fields and we likely  want to hook in a per request function cache (maybe)"""
1423534_1,YES,"""Hi Suran,  The new catalogs_b.patch looks very good."""
1423534_2,NO,"""It will need another round or two of adjusting but it is definitely looking solid."""
1423534_3,NO,"""I have applied the patch and am running regression tests now."""
1423534_4,NO,"""I will post my results when the tests finish."""
1423534_5,NO,"""I have some comments on the new patch:  PermDescriptor  o You should remove the permUUID field from this class since it shadows the oid field in the superclass."""
1423534_6,NO,"""In my experience, this kind of shadowing always causes bugs in the future because it is so easy to lose track of which copy of the redundant field is being used."""
1423534_7,NO,"""So the constructor for this class should call setUUID( permUUID ) rather than stuffing the shadowing field via ""this.permUUID = permUUID""."""
1423534_8,NO,"""o Once you do that, you can get rid of the getUUID(), setUUID(), and getObjectID() methods in this class."""
1423534_9,NO,"""o I have reservations about the second constructor for this class (the one which is used to create a key descriptor rather than a full-fledged permissions descriptor)."""
1423534_10,NO,"""However, I see that you are following the data dictionary patterns for the other permissions descriptors."""
1423534_11,NO,"""I think you are right to follow the existing patterns."""
1423534_12,NO,"""But we should put a sticky note on our brains to remind ourselves to clean up this pattern in the future--partially initialized data is brittle."""
1423534_13,NO,"""This is something we can revisit when we collapse all of the permissions catalogs into the master catalog which you are creating."""
1423534_14,NO,"""Don't worry, that's another project and not part of the sequence generator work."""
1423534_15,NO,"""SYSSEQUENCESRowFactory  o I think that you should flip the order of the keys in the second index."""
1423534_16,NO,"""That is, the key order should be ( schemaID, sequenceName ) rather than ( sequenceName, schemaID )."""
1423534_17,NO,"""This will speed up the check in DataDictionaryImpl.isSchemaEmpty()."""
1423534_18,NO,"""But maybe you have a use for an index with key order ( sequenceName, schemaID ) which I'm not seeing."""
1423534_19,NO,"""If so, then I would recommend adding a third index."""
1423534_20,NO,"""Note that if you swap the key order, then you will need to make a corresponding change to DataDictionaryImpl.getSequenceDescriptor(String, SchemaDescriptor)   o I think that buildColumnList() should return an array of 10 column descriptors, one for each column in the table."""
1423534_21,NO,"""See, for instance, the corresponding method in SYSALIASESRowFactory."""
1423534_22,NO,"""SYSROLESRowFactory  o As with SYSSEQUENCESRowFactory, I think that buildColumnList() should return a larger array, one cell for each column in the table."""
1423534_23,NO,"""DataDictionary  o The header comment for getPermDescriptor() does not seem to describe the method."""
1423534_24,NO,"""EmptyDictionary  o I think that you can remove the stub for dropSequenceDescriptor(String, TransactionController) because you have removed this method from the DataDictionary interface."""
1423534_25,NO,"""DataDictionaryImpl  o The header comments on getUncachedPermDescriptor() getPermDescriptor(), and dropAllPermDescriptors() look like they were copied from pre-existing methods, so they should be revised to describe the new methods."""
1423534_26,NO,"""Thanks, -Rick """
425267_1,NO,"""See previous comments for earlier commit."""
425267_2,NO,"""This one fixes the end-date issue in the comment bean classes: URL: http://svn.apache.org/viewvc?rev=782269&view=rev  And that resolves this issue in the trunk."""
425267_3,NO,"""Thanks Greg! """
688399_1,NO,"""Hey Chris,you just moved the files right?!"""
688399_2,NO,"""Vinicus patch only includes a single file (the failing junit), all Uwe need to do is to apply the patch to the moved file, is that correct?"""
21301_1,NO,"""Also applies to the 4.x series"""
1946907_1,NO,"""The behaviour still occurs in the last snapshot using both Mojarra 2.1 or MyFaces."""
1946907_2,NO,"""Attribute 'width' works fine."""
1014458_1,YES,"""Nice feature, lars!!"""
1014458_2,NO,"""Would be nice to have a batch/list functionality as well, like we have for deletes/puts."""
1014458_3,NO,"""Are there any (future?)"""
1014458_4,NO,"""plans to have a multi- version of the atomicMutation?"""
480162_1,NO,"""It looks like the problem originates in PDFBOX-11."""
480162_2,NO,"""Many CID mappings are expressed as ranges, which the code explodes into individual Integer->String pairs."""
480162_3,NO,"""This causes pretty big data structures as many of our CMaps cover 65k possible mappings!"""
480162_4,NO,"""We should use a more efficient in-memory representation for such range mappings."""
1836207_1,NO,"""In the same pc I have a outlook client and It work fine, the problem is with xplanner, how can I  configurate xplanner for send mails ?"""
1836207_2,NO,"""Thanks"""
2516675_1,NO,"""ok, I'm looking into this."""
280697_1,NO,"""Okay reviewed and tested patch with sqlite3 and bdb on trunk."""
280697_2,NO,"""One minor correction to configure without sqlite3."""
280697_4,NO,"""#NAME?"""
2192201_1,NO,"""Have a look at hibernate.common.xml"""
412291_1,NO,"""Hi David,  This helps me understand what you were talking about - thanks!"""
412291_2,NO,"""(Things weren't as clear at 2am ;))    Yes, we should probably definitely be removing the ThreadLocal entirely."""
412291_3,NO,"""I'll make those changes as soon as I can."""
412291_4,NO,"""#NAME?"""
766227_1,NO,"""Patch applied in trunk."""
766227_2,NO,"""I have added some buttons to help put variables and patterns."""
766227_3,NO,"""Thank you for your contribution."""
1633444_1,NO,"""applies to trunk, too"""
1114706_2,NO,"""Also #3 seems to be fairly simple with a single ""around"" advice in aspectj and a couple of lines for ajc target in build.xml."""
1114706_3,NO,"""Why use an ad-hoc script that's known (according Erik himself) to have false positive that require manual inspection (which is also not part of the version controlled source tree), when you we have a built-in (aspectj*.jars are already included as build/runtime dependencies) tool specifically for such tasks?"""
1114706_4,NO,"""You can do this for info messages too for more performance when that is off."""
1114706_5,NO,"""There are no extra lines of code or maintenance; it is the simplest solution."""
1114706_6,NO,"""As long as the change is applied at build time, I don't see any real drawback.  """
360149_1,NO,"""Ah, ok ... thanks for the heads up."""
360149_2,NO,"""There's a note on the main page about these scripts, but you're right: nothing obvious in some of hte ""sub pages""  I'll take a stab at clarifying."""
1427702_1,NO,"""Changes to the test look good, and your method for finding which are right/wrong is correct."""
1427702_2,NO,"""I would advise that a good thing to do once you have fixed this issue is to then perform a similar test modification for setting a valid value and using batching."""
1673444_1,NO,"""I've started to work towards support for visualising services and cascading configuration."""
1673444_2,NO,"""The changes in this patch aren't a complete solution but they're free-standing give basic service visualisation and shared configuration support."""
1673444_3,NO,"""I've introduced a decorator framework for relationships so we can draw the service triangles (or package names)."""
1673444_4,NO,"""The service handling will need to be updated slightly once we're not working from the DummyInfoProvider."""
1673444_5,NO,"""Handling of services which aren't consumed and services which are consumed by multiple bundles is pretty weak."""
1673444_6,NO,"""I've also started to add cascading configuration."""
1673444_7,NO,"""I've added a Theme class and a ComponentAppearance class which takes defaults from the theme and allows them to be over-ridden."""
1673444_8,NO,"""ComponentAppearances will also inherit from one another when we have nested components (like a bundle inside an application)."""
1673444_9,NO,"""I've only switched the ComponentColorElement (which was the ComponentColorProperty) over to use the new configuration so far, but I'll switch the other elements over to using the new configuration next."""
1673444_10,NO,"""In the new version, elements have two methods - render(), which draws them, and apply() which  initialises shared properties like colour."""
1673444_11,NO,"""This allows for a two-phase rendering."""
1673444_12,NO,"""Apply isn't the best name but we're already using update(), so suggestions welcome."""
1673444_13,YES,""":)  I've renamed ComponentColorProperty to be ComponentColorElement and RelationshipAggregation to TwistieAggregation."""
1673444_14,NO,"""I've also moved RelationshipElement to the elements namespace."""
1673444_15,NO,"""These are all svn file deletions which will need to be done by hand when applying the hand."""
1959675_1,NO,"""Applied patch"""
2130073_1,YES,"""Looks like this is fixed :)"""
766038_1,YES,"""Version 2.2.0RC3 is fine."""
1754304_1,YES,"""Sounds like a good idea."""
1754304_2,NO,"""Would anyone have time to put together a pull request?"""
1581490_1,NO,"""Hi Preben,  I just applied the your patch with a minor modification on FtpConsumerWithCharsetTest.testConsumerWithCharset to use UTF_8 charset by default."""
1581490_2,NO,"""For the CAMEL-3787, I think the key should be on the ftp client configure to find out right charset that the server is using."""
804555_1,NO,"""> MultipartEntity entity = new MultipartEntity(HttpMultipartMode.BROWSER_COMPATIBLE);   Use strict mode instead of browser compatibility."""
1212896_1,NO,"""936-2 wasn't patching correctly against the latest flume-728 so here's an updated patchfile now that 935 is available."""
1212896_2,NO,"""Tests pass, but there is some weirdness going on with rat failing on licenses because it tries to examine the surefire reports..."""
408618_1,NO,"""Thanks for supplying the patch."""
408618_2,NO,"""I have applied it in Rev."""
408618_4,NO,"""Please close this bug, if this is ok for you."""
259521_1,NO,"""I showed my interest on this idea, in the dev-mailing list, and currently started to explore the requirements and a design. """
2086495_1,NO,"""Applied Patch.."""
2086495_2,NO,"""Thanks"""
297441_1,NO,"""OK, will open the issue with Solr/Lucene."""
297441_2,YES,"""Many thanks for your help."""
1114268_1,NO,"""This patch has been around for a while."""
1114268_2,NO,"""Does this applies to 0.22 trunk or 0.23 trunk?"""
1767428_1,NO,"""Thanks."""
1767428_2,NO,"""I found the note in the manual about @Resource and that fixes it."""
1767428_3,NO,"""At this point I'd suggest  peppering the docs with references to @Resource wherever it discusses autowiring things or about collections."""
1767428_4,NO,"""E.g., ""note: if you're trying to auto wire a collection with annotations you'll need to use @Resource instead of @Autowired""."""
1673495_1,NO,"""patch committed in rev 942983, thanks!"""
258148_1,NO,"""I looked at all the TODO's in uimaj-core and found only one Sofa-related exception that needed update."""
258148_2,NO,"""Fixed it's foot."""
1605030_1,NO,"""Patch applied."""
1605030_2,YES,"""Thank you!"""
1605030_3,NO,"""boisvert@sixtine:~/svn/buildr-trunk$ svn commit -m ""BUILDR-283: Misleading documentation on env."""
1605030_4,NO,"""variables (Alexis Midon)"" Sending        doc/settings_profiles.textile Transmitting file data ."""
1605030_5,NO,"""Committed revision 816738. """
1327335_1,NO,"""The attached patch fixes two problems:   * the first one which happen when the class is loaded from the boot classloader (in which case, we now use the system classloader to load the enclosing class)   * the second one which is the fact that all kind of linkage errors can happen when loading the class and this would really disturb the classloader correct behavior"""
747246_1,NO,"""Could you please verify and/or adapt your patch against the current version at http://svn.apache.org/repos/asf/commons/proper/jcs/branches/generics-interface I was not able to apply your patch there."""
1814664_1,NO,"""A potentially legitimate use case of a {{set}} without an {{apply}} is a builder class that should not be accessed until the building is complete, at which point the internal state will be accessed directly to produce the final result of some type."""
1814664_2,NO,"""Such a class does not really need an {{apply}} method."""
1814664_3,NO,"""However, as a tactical decision imposed by the implementation of the typechecker, we will require a matching {{apply}} method for every {{set}} method, and will reassess this issue later in the context of a possible typechecker redesign."""
1961214_1,NO,"""Pull request available here:  https://github.com/SpringSource/spring-roo/pull/8  The changes are minor."""
1961214_2,YES,"""I've tested them out and everything is fine."""
2452643_1,NO,"""I discovered that it works fine with command line."""
2452643_2,NO,"""But it does not work when I try it using maven integration plugin for eclipse."""
2452643_3,NO,"""I have open a ticket on their side: http://jira.codehaus.org/browse/MNGECLIPSE-1054 """
2423462_1,NO,"""I would rather not have specific vendor JDK names listed in there if can be avoided anyway."""
2423462_2,NO,"""Not sure when it was added."""
2423462_3,NO,"""worth investigating."""
1083704_1,NO,"""Committed to branch-2.1-beta, branch-2, and trunk."""
1083704_2,NO,"""Thanks for the patch André!"""
895562_1,NO,"""+1 the branch-1 patch looks good."""
1513373_1,NO,"""This reviewable, and I think also committable."""
726974_1,NO,"""Thanks for the patch."""
726974_2,NO,"""Committed to 0.8 after reverting the change in system_test/ (the consumer property file there is used for an 0.7 consumer)."""
1069635_1,NO,"""Verified, patch applied as expected."""
1412146_1,NO,"""Dyre, thanks for your comments."""
1412146_2,NO,"""I have made a new patch, derby-2108-v4.diff, which have incorporated (most of) your commets."""
1412146_3,NO,"""I think I'm ready for commit soon."""
1412146_4,NO,"""I did a change to BULIDING.txt adding ${j14lib}/security.jar to java14compile.classpath in the description of how to build with IBM JDK."""
1412146_5,NO,"""I have not verified that it works and hope someone would confirm that it's correct."""
533296_1,NO,"""Jacopo,  Thanks for diving in a pointing Scott at the appropriate screens."""
533296_2,NO,"""David,  I completely agree that providing more intelligence in the PO creation process would be very helpful, especially for larger businesses."""
533296_3,NO,"""I can just about cope with the amount of manual intervention required, but in the not too distant future I can see the need for some of the rules you suggest."""
533296_4,NO,"""The idea of consolidating POs (or SOs, I guess) came mainly because I end up having multiple small POs for some of my suppliers."""
533296_5,NO,"""However, I also run into the opposite problem."""
533296_6,NO,"""For my larger suppliers, I will often have a 100 or more requirements built up."""
533296_7,NO,"""Since the ""Approved Requirements"" screen paginates the requirements, I'll end up generating multiple orders for the same (large) supplier, simply because the application operates a page at a time."""
533296_8,NO,"""This annoys my suppliers a bit."""
533296_9,NO,"""I guess the obvious thing to do is to go in and reconfigure the pagination so it doesn't (paginate), but if we had the ability to add items to existing POs then you could still use the pagination mechanism and build up the PO page-by-page (quite handy if your working through  your POs during less busy times of the day).  """
1489050_1,NO,"""This should have been fixed by commit 26a5b76ee6b77909a7b8d5b00924f12e1671373d."""
1489050_2,NO,"""Verified on my vmware setup, extract volume is working fine now."""
680599_1,NO,"""I did that first, but then remembered that when I did that in the past, people were unable to apply my patches, w/o doing the svn move themselves."""
680599_2,NO,"""Anyway, for this file it's not really important I think - a very simple and tiny file, w/ no history to preserve?"""
680599_3,YES,"""Is that ok for this file (b/c I have no idea how to do the svn move now ... after I've made all the changes already) :)"""
2094157_1,NO,"""Please keep this open until reverse tests are configured, as we might have new issues coming from them."""
999352_1,NO,"""+1 on patch."""
999352_2,NO,"""@Andrei: Please re-attach patch using --no-prefix option."""
999352_3,NO,"""HadoopQA uses -p0 to apply patches."""
1453891_1,NO,"""Ok, got it, thanks for the explanation."""
1453891_2,NO,"""In any case, the code for the toBytes method is written now, so it should be a simple thing to move it to the PType implementation classes."""
1453891_3,NO,"""It would probably also be worth having optimized versions for primitive values, instead of writing them to an Avro/Writable first to get the bytes representation."""
1453891_4,NO,"""But yeah, that's for another JIRA."""
145320_1,NO,"""An example patch."""
145320_2,NO,"""Was unable to run the unit test I wrote (because my setup is being a jerk), but I'm more looking for input on the design."""
724751_1,NO,"""Thanks for the reviews, committed the patch to trunk"""
289945_1,NO,"""Zdenek,  Thank you for working with these components."""
289945_2,NO,"""I seem to be having trouble applying the patches, though, and I'd hate for all these corrections and improvements to be lost."""
289945_3,NO,"""Do you think you could submit a new patch in a single file (perhaps named with the current date) based on the current SVN head ?"""
289945_4,NO,"""That would really help a lot."""
289945_5,YES,"""Thanks once again."""
739891_1,NO,"""Rest of Ender's patch was applied."""
451707_1,NO,"""It is good to know that pluto has a problem here, but I realy need servlets integrated pluto."""
1984725_1,NO,"""@Arnaud: My key looks exactly the same and was generated with Cygwin's ss-keygen."""
1984725_2,NO,"""The file has Unix line endings though ...  @Lukas: scpexe works for me with M2 despite the fact that it insists on a key even if an agent is running (WAGON-27)."""
677027_1,YES,"""bq. OK w/ the latest patch all tests pass for me! Great  Awesome! :)"""
2113606_1,NO,"""Do the same tests work fine on 1.5.0dev?"""
2113606_2,NO,"""One of the things I changed in jnr-posix, was to make stat and fstat use stati64 and fstati64 respectively, instead of stat64 and fstat - the last may be why its breaking with jna-posix."""
2113606_3,NO,"""Look in WindowsLibCFunctionMapper.java for the fstat mapping - it may all magically work if you change fstat to map to _fstat64 (note: no 'i' in the name - uses stat64 struct instead of stati64 ... they have different sized atime, ctime, mtime fields)."""
2113606_4,NO,"""Otherwise, the WindowsFileStat structure looks ok, apart from the st_blocks and st_blksize fields at the end, which are not part of the windows stat64 struct, so will probably be filled with either zero, or garbage.  """
581437_1,NO,"""Awesome. Thats great to hear!"""
1540427_1,NO,"""{quote}  Hmm, looks like the backport blew away scrubtest on 1.2 as well."""
1645534_1,YES,"""Great! Awesome!  thanks, Dims"""
1540427_2,NO,"""Oversight?"""
1540427_3,NO,"""{quote} Yes, was an oversight."""
1540427_4,NO,"""Just for clarification, skipBloomFilters is old."""
1540427_5,NO,"""#1 and #2 are incorrect."""
456033_1,YES,"""Great! Awesome work, Nick, and thanks for the clarification, Bill. """
1540427_6,NO,"""1: The skipBloomFilters gets called on the index file in RowIndexEntry line 104."""
1540427_7,NO,"""2: In 2.0, the skipBloomFilters will be called on a 1.2 sstable; also, the skipBloomFilters currently is called against any sstable when scrubbing."""
1186476_1,YES,"""Great work...this is awesome stuff. """
645538_1,NO,"""I made a preliminary patch to share the idea how this can be fixed."""
645538_3,NO,"""- This fix works if I run a ""mahout"" from command line against a Hadoop cluster."""
645538_4,NO,"""A unit test case doesn't work; -Dkey=value is not parsed in ToolRunner but passed through to SparseVectorsFromSequenceFiles, resulting in a parse error."""
645538_5,NO,"""Did I make any mistake?"""
645538_6,NO,"""Maybe because a JUnit doesn't really mimic a real hadoop env?"""
152270_1,YES,"""great. awesome job sergey!"""
412699_1,YES,"""Awesome - great stuff Maria.  Thanks!"""
645538_8,NO,"""#NAME?"""
645538_9,NO,"""IMHO, Configuration should be the first or the the last arguments."""
883339_1,YES,"""Thanks for doing that Uma."""
883339_2,NO,"""It looks like there is something about the build scripts that is causing it, because hdfs.proto, where NameSpaceInfoProto is defined, is more or less identical between trunk and branch-2."""
675234_1,YES,"""Wow!"""
675234_3,NO,"""Looking forward to using it."""
1160849_1,NO,"""I just committed this."""
1160849_2,YES,"""Thanks Bryan!"""
1160849_3,NO,"""Please submit new issues for the other aspects of this that remain unfixed."""
915538_1,NO,"""+1  Patch looks nice."""
915538_2,NO,"""Probably worth adding a third case in testDataDirectories for a URI that includes an authority (file://localhost/path)."""
1163773_1,YES,"""Patch looks good to me."""
911559_2,NO,"""I've committed this."""
911559_3,YES,"""Thanks, Jeff!"""
911559_4,NO,"""Resolving as fixed."""
914494_1,YES,"""It is good to have the test."""
914494_2,NO,"""I ran it on current trunk."""
914494_3,NO,"""It successfully gets the expected exception, but then fails to close FSNamesystem with NPE."""
914494_4,NO,"""So yes it fails but not where you wanted it to."""
777136_1,NO,"""Please open using the JIra workflow and fill in the details."""
2017630_1,NO,"""we improved hash handling in Railo, but we get not the same result with non ascii characters as ACF (with ascii characters everything is fine)."""
2017630_2,NO,"""we cannot find a problem in our implementation anymore, perhaps there is a problem in he ACF implementation that force a other resultat. """
1532956_1,NO,"""This looks like it might be a blocker for release."""
1332525_1,NO,"""I didn't see anything in subversion?"""
1558641_1,NO,"""new version of 01 ""minifies"" type classnames for the standard o.a.c.db.marshal types"""
572061_1,NO,"""Ok, thanks."""
585405_1,NO,"""Fixed in r1146573"""
527762_1,NO,"""Hi Christian, Jacopo,  Not sure if adding ""-Duser.language=en"" is the better way to go, sounds like a camouflage to me."""
1153459_1,NO,"""I just committed this."""
1153459_2,YES,"""Thanks, Owen!"""
1658827_1,NO,"""Closing issue as per Luis."""
352230_1,NO,"""Added support for the QueryElevationComponent and test case."""
986292_2,NO,"""Or do we act like we always had it?"""
409189_1,NO,"""Thanks for the feedback and thanks for taking a stab at this."""
1649337_1,NO,"""won't fix."""
439397_1,NO,"""Hi Robbie,  Please could you review this patch?"""
439397_2,NO,"""cheers Keith."""
781991_1,NO,"""<danielsh> dns done (thanks for the hostname), tb build underway """
935706_1,NO,"""Committed to trunk."""
536426_1,NO,"""Marco,  I've fixed some minor issues in your patch (including the one you have pointed out) and I've committed it."""
536426_2,YES,"""Thanks!"""
1115870_1,NO,"""Hi Guys,  I am pretty new to this site."""
1115870_2,NO,"""I am wondering when this patch can be accepted?"""
1115870_3,NO,"""Thanks,  Kevin"""
395863_1,NO,"""Applied the patch into trunk."""
1152054_1,NO,"""I just committed this."""
1152054_2,YES,"""Thanks, Dhruba!"""
1603554_1,NO,"""Violated again in r960471."""
216701_1,NO,""" I'll take a look at this for the next release (after 1.5.11)."""
456007_1,NO,"""Committed to trunk (0.12)."""
456007_2,NO,"""Thanks Viraj and Cheolsoo."""
640309_1,NO,"""[~maysamyabandeh] Got time to look at this today."""
640309_2,NO,"""There are tests in Mahout-integration that are using DummyRecordWriter  -  TestConcatenateVectorsJob and RegexMapperTest, and are failing with this patch."""
640309_3,NO,"""I'll take a stab at this again but could you verify this patch against the present trunk?"""
416357_1,NO,"""patch applied."""
416357_2,NO,"""Thanks!"""
806565_1,NO,"""How about a slightly different take?"""
806565_2,NO,"""Please take a look at the patch and let me know if it fixes the problem for you."""
1600504_1,NO,"""Vadim you're keeping us busy :)."""
1600504_2,YES,"""Patch applied with thanks!"""
376813_1,NO,"""Hello, I see Uwe has commented on SOLR-1657 that he would help convert tokenstreams to the new api, but he needs this patch (the tests) applied first."""
376813_2,NO,"""Is it possible for someone to take a look at this patch to get things moving along?"""
376813_3,NO,"""its only tests, no source code changes."""
1064195_1,NO,"""Leo, thanks for the patch - applied at r488522. """
481771_1,YES,"""Looks quite perfect after solving PDFBOX-490."""
519153_1,NO,"""I did translate some Labels to german language."""
1140039_1,NO,"""fPIC rings a bell on amd64."""
1140039_2,NO,"""What are the disadvantages to adding -fPIC (a) for amd64 only, (b) for all platforms?"""
179913_1,NO,"""This is fixed in V2 and an automated regression case has been created."""
179913_2,NO,"""Closing"""
900223_1,NO,"""Thanks Sanjay for the review."""
900223_2,NO,"""I have committed this."""
1552991_1,NO,"""(My 0.8 checkout was on the 0.8.6 tag when I reported that CliTest worked completely.)"""
1665663_1,NO,"""I committed this."""
1665663_2,YES,"""Thanks, Ashish!"""
802843_1,NO,"""Patch checked in."""
802843_2,YES,"""Many thanks, Neeme."""
1350017_1,NO,"""Thanks for the patch."""
1350017_2,NO,"""It has been applied to the trunk."""
1676174_1,NO,"""I'll commit this soon unless there are objections."""
721878_1,NO,"""Thanks for the patch Glen."""
721878_2,NO,"""I'm gonna review it and apply."""
238981_1,NO,"""Can this be closed Martijn?"""
516899_1,YES,"""Thanks for the help BJ!"""
281494_1,NO,"""Committed to trunk 1384014"""
283523_1,YES,"""thanks Tomas!"""
1165937_1,NO,"""Resolved, fixed!"""
1165937_2,YES,"""Thanks!"""
444610_1,NO,"""Please review this for me!"""
444610_2,NO,"""Thanks!"""
1587061_1,NO,"""This is not a Camel issue but a CXF."""
1564093_1,NO,"""committed."""
1564093_2,NO,"""(looks like these were introduced in CASSANDRA-1714, fwiw, so i'm going to tag affects-version to 0.7.1)"""
1170283_1,NO,"""Released with GEP 221, so I close this JIRA."""
1535532_1,NO,"""Untar this to populate the position_hints table."""
1582569_1,YES,"""Applied patch with thanks to Scott."""
1323219_1,NO,"""Change the summary to match the real issue."""
222291_1,NO,"""You are absolutely right."""
222291_2,NO,"""There must be some side effect in my project that circumvented this problem until 6.8.0."""
222291_3,NO,"""Sigh ....  Do you think that is something that can be fixed in Wicket or some kind of IE8 madness that i should look to solve on my side?"""
1500618_1,NO,"""Edison can you check on this issue looks like the fix is not working"""
705953_1,NO,"""Committed with rv800094"""
544886_1,NO,"""Patch for aggressive GC test"""
789225_2,YES,"""Enjoy!"""
291227_1,YES,"""thanks to Ernst Fastl for adding this."""
258119_1,NO,"""OK to close?"""
1535935_1,NO,"""Oracle 7u40 runs just fine on Debian, I can't imagine it wouldn't work on Ubuntu."""
438384_1,NO,"""Tested with both JBoss EAP 5.x and Geronimo 2.2.x"""
707213_1,NO,"""Fixed in 426832."""
528921_1,NO,"""you seem knowledgeable, what not submit a patch."""
995655_1,NO,"""Applied to trunk."""
995655_2,YES,"""Thanks for the patch Mubarak."""
1140769_1,NO,"""I just committed this."""
1140769_2,NO,"""Thanks, Jothi!"""
1155393_1,NO,"""I've just committed this."""
1155393_2,YES,"""Thanks Koji!"""
1738469_1,NO,"""resolved in r950171"""
1586818_1,NO,"""If possible can you make sure the patch is checkstyle compliant?"""
580461_1,NO,"""Resolved in 1.0.1-SNAPSHOT."""
580461_2,YES,"""Long Life MyFacesssssssssss!"""
1416330_1,YES,"""Looks good, thanks Laura!"""
1416330_2,NO,"""Committed to trunk with revision 447502."""
1416330_3,NO,"""Will leave open until merged to 10.2"""
144030_1,NO,"""Committed to 3.4.6 and trunk."""
144030_2,YES,"""Thanks Ashish!"""
850845_1,YES,"""Thank you, guys!"""
850845_2,YES,"""Thanks Ashutosh and Gunther for your help!"""
850845_3,NO,"""This patch has been improved a lot."""
850845_4,YES,"""I really appreciate your comments and I really enjoy our discussions:)"""
1651730_1,NO,"""What classes were changed for this fix?"""
1651730_2,NO,"""Would like to pick up this fix with the stable release if possible."""
1193859_1,NO,"""My testing turns up not issues, so , once again, thanks for finding this Rick, I'd gone blind to the problem and it was driving me mad!"""
835743_1,NO,"""Enis/Ashutosh, we can try coming up with the testcase."""
835743_2,NO,"""But, in the meanwhile, can I upload a patch which reverts this ?"""
446663_1,NO,"""dead branch, no sure which code generator it's talking about"""
1571316_1,YES,"""Awesome work: this is a great first cut! """
814295_1,NO,"""Patch is committed to trunk."""
814295_2,YES,"""Thanks to Edward and Brock for the reviews."""
1341075_1,NO,"""Btw, I only get this error in LDAP Studio."""
1341075_2,NO,"""Not in LDAP Browser 2.8.2 or MS AD Explorer."""
1341075_3,NO,"""Thanks."""
465146_1,YES,"""Looks good."""
465146_2,NO,"""TestSkewedJoin finishes when you give it enough time (a mere 49 minutes) and the other tests I ran passed as well."""
1631756_1,NO,"""Milinda, patch applied !"""
832405_1,NO,"""Zhenxiao I left comments on Phabricator."""
1065730_1,NO,"""Hi Sergey, thanks for the patch."""
1065730_2,NO,"""But why have you added testPropertyChangePropertyChangeEvent test?"""
1065730_4,NO,"""Or at least has some relation to above problem?"""
928787_1,NO,"""I will revert tomorrow if less-hacky alternative suggested above continues unaddressed."""
1379319_1,NO,"""Your explanation sounds reasonable and  the patch looks safe to me."""
169292_1,NO,"""+1 for the patch."""
169292_2,YES,"""Thank you, Ivan!"""
1685349_1,NO,"""After talking with Steve B. we decided that the DAS should insist that datagraph root is passed to the ApplyChanges command."""
1685349_2,NO,"""An error is now thrown if this is not the case."""
460822_1,NO,"""The fix for test_no_extension was merged in PIG-2505."""
460822_2,NO,"""So this is ready for merging?"""
460822_3,YES,""":D"""
1712885_1,NO,"""This is now resolved in ActiveMQ 4.0 as we have a DemandBasedForwardingBridge which only forwards messages to another broker when there is a consumer for it"""
515145_1,NO,"""Jacques,  Why concatenate the patches?"""
524469_1,NO,"""Thanks guys,  Bharat your patch is in trunk at revision: 754834 ."""
524469_2,NO,"""I only review as Pranay tested successfully."""
524469_3,YES,"""Thanks to both of you, and to Deepesh for the initiative. """
964846_1,NO,"""Should we close this one now that we went a different route (zero javadoc warnings?)"""
1665812_1,NO,"""Thanks for the clarification."""
153482_1,YES,"""Cool."""
153482_2,YES,"""Sounds like a good idea. """
946601_1,YES,"""Cool, that's all good news too! Thanks guys. One less on my radar."""
666835_1,YES,"""cool man it looks good. we need a changes entry but from my side this looks good. we can tackle the todos on trunk"""
477935_1,YES,"""Looks pretty cool. Fresh and minimalist. Love it :-) Good work."""
681202_1,YES,"""Cool, will do!  Thanks for the review and good questions... and the whole idea! :)"""
242043_1,YES,"""This looks good to me."""
242043_2,YES,""" Automatic location selection is very cool."""
