id,label,text
1740498_1,NO,"""Patch applied in SVN revision 743258"""
1062792_1,YES,"""Thanks Tony."""
1062792_2,NO,"""Patch applied to LUNI module at repo revision r494822."""
1062792_3,NO,"""Please check that the patch was applied as you expected. """
403319_1,YES,"""Thanks for providing the patch."""
403319_2,NO,"""I have applied it in Rev."""
398755_1,NO,"""Patch applied."""
398755_2,YES,"""Thank you!"""
678190_1,NO,"""+1, if the test is problematic, we can always either comment out the new test, or @Ignore it, and add a note. """
1415402_1,NO,"""The changes look good."""
1415402_2,NO,"""+1 for commit."""
1415402_3,YES,"""Thanks Laura."""
1010332_1,NO,"""I think allUserRegionsOffline should be declared inside {code} } else if (this.stopping) { {code} block."""
1010332_2,NO,"""Have you run test suite ?"""
1345322_1,NO,"""The piece of cake was bigger than my mouth... Postponed."""
1421340_1,YES,"""Thanks Kathey."""
1421340_2,NO,"""Please look at this patch (d962_javadoc.2.diff.txt)   I ran javadoc and  did clobber and ant all ok."""
1421340_3,NO,"""Thanks."""
1586698_1,NO,"""Applied patch with thanks to Dan :)"""
465233_1,NO,"""Changed the patch as per Thejas's suggestion."""
655768_1,YES,"""Thanks Adrien for looking into this, nice explanation!"""
694697_1,YES,"""Super, I'll commit shortly -- thanks Yonik!"""
175933_1,NO,"""Thanks, patch applied"""
628221_1,NO,"""Added comment before ""Path getPath()"" to address Todd's comment. """
984786_1,YES,"""Thanks a lot, Jon for signing up this."""
984786_2,NO,"""Actually I thought to take a look on this weekend."""
984786_3,NO,"""Unfortunately I may not be able to look on this weekend as came out of station."""
984786_4,NO,"""Thanks for taking this:-)"""
420232_1,NO,"""Committed to master."""
420232_2,YES,"""Thanks, Sravya!"""
1427411_1,NO,"""Hi Myrna,  Are you recommending that we commit this patch but that additional work be put into analyzing LocalizedDisplay.sql and LocalizedConnectionAttribute.sql?"""
1588384_1,YES,"""I like Richards update as well :) What I did was out of pure anger so it may not have been the sexiest."""
795692_1,NO,"""Jason,  I checked...you have karma as you are in the ""jira-administrators"" group."""
795692_2,NO,"""Please go ahead and create it."""
795692_3,NO,"""thanks, dims"""
1473666_1,NO,"""Patch applied, thanks."""
255784_1,NO,"""Vote is here: http://markmail.org/thread/yg6n646zurlpdmvy"""
787360_1,NO,"""Thanks, is that everyone has to create an account and then you will link them to Pig Confluence?"""
596711_1,NO,"""I just committed this."""
596711_2,YES,"""Thanks [~cnauroth] & [~tomwhite] for the reviews!"""
201280_1,NO,"""The patch looks fine."""
617082_2,NO,"""I'll commit once hudson +1s it."""
617082_3,YES,"""Thanks for being patient Devaraj!"""
521186_1,YES,"""Hi Bruno,  I like it, seems to work well at 1st glance  Thanks!"""
1147485_1,NO,"""I just committed this."""
1147485_2,YES,"""Thanks, Adrian!"""
1511059_1,NO,"""that what WebRenederendingServices are for, not sure WebDescriptionProvider could be declared to be a WebRenderingService."""
613565_1,NO,"""OK You are correct about that."""
613565_2,NO,"""I ran it from the base and it looks good."""
613565_3,NO,"""Thanks +1"""
526681_1,NO,"""Adrian, I cannot find the listVisualThemes.ftl file in your last patch."""
526681_2,NO,"""From your comments I guess you changed it."""
518772_1,YES,"""Thanks Bob your patch is in trunk at r932317"""
685560_1,YES,"""thanks again Uwe"""
1071093_1,NO,"""Hi,  Would you please try my patch?"""
1071093_2,NO,"""The patch also fixes a typo in StreamHandlerTest.java."""
1071093_3,NO,"""Thanks!"""
1071093_4,YES,"""Best regards, Andrew"""
327262_1,NO,"""Better to have the samples run on the fly :-) ."""
1067588_1,YES,"""Thanks, Alexei!"""
1067588_2,NO,"""Now it works as expected."""
1127986_1,NO,"""Looks fine, Sreekanth. """
1071335_1,NO,"""Leo, patch applied at revision r438040, thanks a lot for this enhancement, please verify that the problem is fully fixed as you expected. """
1389763_1,YES,"""Thanks, Myrna."""
1593242_1,NO,"""Applied patch with thanks to Christian."""
1416764_1,NO,"""Patch d1544-patch2-v2.diff committed revision 429036 - Thanks Deepa"""
241680_1,NO,"""Committed."""
241680_2,YES,"""Thanks Tom!"""
1227945_2,NO,"""So returning an empty string in such case."""
463349_1,NO,"""This irritates me on a weekly basis."""
463349_2,NO,"""I'm often running ad-hoc analysis in grunt with snippets taken from some heavier scripts I've written and I get bitten ALL the time."""
246272_1,NO,"""Hi Mario Ivankovits    Pls give some suggestion on above comment"""
733753_1,NO,"""HI Harry,  I am new to JSPWIKI and based on the error I chose the Security issue."""
733753_2,NO,"""You can choose to ignore or modify it."""
733753_3,NO,"""I am still not able to run JSPWiki in Oracle Jdeveloper 10.1.3.3.0."""
733753_4,YES,"""Thank you, + Harit Himanshu   """
1213236_1,NO,"""Hi Subramanyam,  Any updates on this issue yet?"""
1213236_2,YES,"""Thanks, Arvind"""
748059_1,YES,"""Committed a slightly cleaned up version of the patch in revision: 1464605  Thanks for your help Todd."""
399100_1,NO,"""Fixed in http://svn.eu.apache.org/viewvc?view=rev&revision=707319 Many thanks to Ulhas for providing the patch!"""
1532237_1,NO,"""Hi Andrus  I cleaned up for one of our projects successfully the comments and could import it into CayenneModeler - great!"""
729735_1,NO,"""Attach patch v2."""
729735_2,NO,"""Consolidate all error handling in KafkaServerStarble."""
201106_1,NO,"""The patch looks fine ."""
201106_2,NO,"""I was sure It's in CVS already."""
201106_3,NO,"""Let's commit it .Thanks!"""
982467_1,NO,"""@Stack, @Ted  Can u people have a look at the patch pls?"""
860028_1,NO,"""Namit, what do you by ""describe div""?"""
860028_2,NO,"""There is a test udf_divider.q in the patch."""
860028_3,NO,"""Do you mean more test cases?"""
225298_1,NO,"""Hi Pepijn,  Can you please take a look at r1215075 ?"""
225298_2,NO,"""Thanks!"""
1436429_1,NO,"""It works perfectly with the latest 2.7.8-SNAPSHOT, thanks !"""
519688_1,NO,"""Done at rev."""
519688_2,YES,"""897392 Thanks Sharan ! """
169572_1,YES,"""Thanks Karthik."""
169572_2,NO,"""The latest patch looks good to me."""
531050_1,YES,"""Thanks Andrew, committed in rev."""
759821_1,NO,"""fixed in svn r344339."""
759821_2,YES,"""thanks edgar for finding this one!"""
1066547_1,NO,"""Tony, in native codes, I think the hymem_allocate/free_memory is preferred than malloc/free?"""
1070920_1,YES,"""Thanks Ilya."""
1070920_2,NO,"""Patch applied to TEXT module at repo revision r450026."""
1070920_3,NO,"""Please check that it was applied as you expected. """
415713_1,NO,"""Patch looks good to me & has been committed, thanks! """
1340269_1,NO,"""Fixed at revision 936652."""
1340269_2,NO,"""Applied patch from Keheliya Gallaba."""
1463675_1,NO,"""Fix applied to master (6d1d23b7d0eba4de3c4097907adc37b09191196e)."""
931062_1,NO,"""1"""
931062_2,YES,"""Thanks Jimmy."""
465909_1,NO,"""+1  before committing, do you mind combining the new test with one of the existing ones?"""
465909_2,NO,"""Trying to keep the test suite at under 24 hours :)"""
869356_1,YES,"""Thank you Jing for the review."""
869356_2,NO,"""I've committed the patch."""
635187_1,NO,"""+1  I committed this."""
635187_2,YES,"""Thanks, Ravi!"""
682602_1,NO,"""Leaks file handles via IW.getReader()"""
595621_1,NO,"""+1 I just committed this."""
595621_2,YES,"""Thanks Sandy."""
1577000_1,NO,"""I can't apply 0002 cleanly to trunk."""
1577000_3,NO,"""Thanks,"""
1066157_1,YES,"""Hello Leo  The patch has been applied at revision r479576, thanks a lot for this enhancement, please verify that the problem is fully fixed as you expected."""
1066157_2,NO,"""Yes, we could enable junit's fork mode."""
1066157_3,NO,"""I will have a look at this."""
1066157_4,NO,"""But it would be better if you could provide a patch ;-) Thanks again."""
1066157_5,YES,"""Best regards, Richard"""
686421_1,NO,"""Hi Uwe,  I updated the patch, now it uses TermRangeQuery and does not cast anymore getAttribute"""
1251825_1,NO,"""On 2009-11-18 04:47:59.970 dloverin commented: Revision 11926."""
882432_1,NO,"""I committed the patch to branch-1 as well."""
882432_2,YES,"""Thank you Jing."""
1083375_1,NO,"""+1, patch looks good to me."""
1083375_2,NO,"""I'm going to commit this momentarily."""
1393566_1,NO,"""All the regression tests ran cleanly with client-imports.diff."""
1393566_2,NO,"""Committed revision 946641."""
1092866_1,NO,"""Daryn - did you get a chance to review the latest patch for this?"""
1190469_1,NO,"""Fixed in rev 1137251 and 1137252."""
1190469_2,YES,"""Thanks for your work on this Allen!"""
1615699_1,NO,"""Patch submitted."""
1615699_2,NO,"""Please review."""
1615699_3,YES,"""Thank you."""
1152877_1,YES,"""Forgot to mention:  Thanks to Alejandro and his team for pointing this one..."""
464215_1,NO,"""PIG-1912-3.patch address Santhosh's review comments"""
1027838_1,NO,"""Okay."""
1027838_2,NO,"""Anyone else want to chime in?"""
1027838_3,NO,"""If no other objections, let's commit Clint's patch since it works for him."""
1583196_1,NO,"""Thanks for the patch."""
1583196_2,NO,"""I polished and fixed CS as well."""
1583196_3,NO,"""I updated the wiki doc for the sqs component as well."""
1464340_1,YES,"""Thanks Karl."""
1464340_2,YES,"""Please contact me if you need any clarifications."""
1464340_3,NO,"""Thanks."""
605124_1,NO,"""I just committed this."""
605124_2,YES,"""Thanks Tom!"""
451778_1,NO,"""This behaviour is correct, as this is a test for pluto and not a generic JSR 168 test. """
514619_1,NO,"""Hi Anil,  Did you get chances to review and test?"""
1479279_1,NO,"""Go for it (provided it works ;-) Will need to test XSP samples and make a note somewhere in the docs."""
152375_2,NO,"""i've attached a libs.zip that contains bookkeeper and zookeeper libraries."""
152375_3,NO,"""i suggest that we commit this ASAP and then do the work to fix the build once the code is in subversion."""
1198045_1,YES,"""thanks for the explanation."""
1198045_2,NO,"""I will try your suggestions"""
1613386_1,NO,"""Patch was applied, analyzers can now be instantiated by writing some javascript to be executed on the server side."""
1468840_1,YES,"""Thanks Oliver, that's fixed it. """
737508_1,NO,"""Patch applied, thanks"""
1445470_1,NO,""" New 2.0.5 and 2.1 snapshots are deployed that contain the fixes."""
1445470_2,NO,"""Can you give them a try and make sure it's all OK?"""
1445470_3,NO,"""Thanks!"""
418583_1,NO,"""reviewed, looks good."""
418583_2,NO,"""Applied patch in r637925"""
604111_1,NO,"""Alejandro Abdelnur, sorry I don't get it, what history you want to keep?"""
604111_2,NO,"""and how can I verify the history is not lost?"""
1685241_1,NO,"""Sounds like JavaScript samples are now being done in TUSCANY-287"""
529122_1,NO,"""Jacopo & Anil,  Here is the patch for this issue."""
520748_1,NO,"""I'd say last Sun JDK 1.5 as it's still the one recommended for OFBiz (even if I guess most of us use 1.6)"""
1180084_1,NO,"""Committed the patch to trunk (revision 63660) and branches/2.1 (revision 636606)."""
1180084_2,YES,"""Thanks a lot!  """
438471_1,NO,"""Excellent!"""
438471_2,NO,"""Looks we all ran into the same issue with TCK."""
438471_3,NO,"""Good verification."""
438471_4,NO,"""Sorry about your signal :-(  """
1415726_1,NO,"""> Attached is d1644_combined_v3.diff, a patch proposal which combines the two previous code change patches."""
1415726_2,NO,"""I will try to review the latest patch sometime today..."""
531285_1,YES,"""Adrian,  thanks for the patch: rev."""
531285_2,NO,"""540843 I'm leaving this issue open because a similar patch should be applied to the ecommerce/includes/language.ftl file  Jacopo"""
803852_1,NO,"""Just updated and ran through a few test runs -- haven't seen this since."""
1201433_2,NO,"""Sorry that this patch seems to have slipped through the cracks."""
461681_1,NO,"""Hi, Corinne, did you attach the wrong patch?"""
217235_1,NO,"""Yes, it seems that in some cases the exceptions are swallowed and e.printStackTrace() is heavily used."""
217235_2,YES,"""thanks, nandana"""
1607009_1,NO,"""Yes, You are right [~jiannan], If the {{bkActiveLedgersSnapshot}} contains ledgers which are > {{lRange.end()}}, then there is no chance of being gc'ed in the current gc call."""
1607009_2,NO,"""But if one more ledger is created, then on next gc call, all ledgers deleted ( which are having lesser ledgerId than latest created) will be gc'ed."""
1379172_1,YES,"""Thanks for review and test case, Knut."""
1379172_2,NO,"""Committed revision 642996."""
1379172_3,NO,"""(Both the patch and the JUnit tests)."""
248572_1,NO,"""Yes, that makes perfect sense to me."""
1117634_1,NO,"""Committed."""
1117634_2,YES,"""Thanks Suresh."""
670312_1,NO,"""Patch looks very good."""
670312_2,NO,"""1"""
608344_1,NO,"""@Jon,  +1 the patch looks good."""
608344_2,YES,"""Thanks for your patience."""
608344_3,NO,"""Committing now.."""
514901_1,YES,"""Hi Atul, that looks good at a first glace."""
514901_2,NO,"""I'll have a deeper look this evening."""
514901_3,NO,""":-) Cheers"""
1116483_1,NO,"""I committed the patch."""
1116483_2,YES,"""Thank you Ravi."""
169844_1,YES,"""+1, thanks Tom!"""
1616089_1,NO,"""I had a look at the rpm side and it looks ready to commit."""
1616089_2,NO,"""Thanks for the patch!"""
833875_1,NO,"""Hi Kevin - Any update on this."""
833875_2,NO,"""Thanks"""
979673_1,NO,"""+1 on patch."""
979673_2,NO,"""It looks like what was applied to trunk."""
979673_3,NO,"""Is that so Ram?"""
1676480_1,NO,"""aim to merge patches and publish for review by this coming weekend"""
673090_1,NO,"""some tests are still problematic, at least on windows..."""
673090_2,NO,"""I think perhaps some of the crazier ones like DiskFull, TestCrash, anything that has to disable MockDirectoryWrappers's checks because they must create corrupt indexes or other scary things. """
1624651_1,NO,"""Hi Jeremias."""
1624651_2,NO,"""Looks fine to me."""
1624651_3,NO,"""Applied, thanks!"""
1003216_1,NO,"""Can I get a +1 from someone else."""
1003216_3,NO,"""Should be a quick review."""
1003216_4,NO,"""Thanks."""
1166809_1,NO,"""Thanks for the reviews everyone."""
986573_1,NO,"""Jan,  I looked that the logic again I think your are right."""
986573_2,NO,"""When I did a quick glance last time I only saw the isolated patch and didn't see enough context to see the existing retry logic."""
986573_3,NO,"""(review board is helpful)."""
986573_4,NO,"""Mind adding some comments explaining why this is ok to retry?"""
986573_5,NO,"""(We are retrying once and if we fail twice we give up)."""
986573_6,NO,"""It seems strange to me that we are retrying something that throws a DoNotRetyIOException."""
986573_7,NO,"""Anyone else have any comments?"""
542463_1,NO,"""ok... i will change it then and keep in mind in case we run into odd issues permission wise."""
348498_1,YES,"""Thanks, Joseph!"""
348498_2,NO,"""Patch committed."""
762723_1,NO,"""Patch committed to trunk."""
751206_1,NO,"""Applied jackrabbit-core patch in revision: 949724"""
1039346_1,NO,"""This newest patch applies cleanly and tests all pass."""
1039346_2,NO,"""Personally, I'm +1 to commit."""
1039346_3,NO,"""I'd like for Stack or Jim to take a look at it before we commit it."""
1039346_4,YES,"""Thanks again for this really great patch, Andrew."""
1039346_5,NO,"""You've knocked out a really ambitious bit of work here."""
1596460_1,YES,"""Hi Edward  Thanks for spotting it."""
311896_1,NO,"""Committed to master."""
1066585_1,NO,"""Everything is ok."""
1066585_2,NO,"""Thanks."""
1066585_3,NO,"""Verified at revision 473588."""
903019_1,NO,"""Hi Uma, thanks for taking a look."""
903019_2,NO,"""h2108_20110727b.patch: fixed DatanodeManager constructor and activate(..)."""
1331554_2,NO,"""Unable to apply cleanly."""
751857_1,NO,"""Patch applied in revision 889133."""
1060021_1,YES,"""Thanks Andrew - the patch was applied to SQL module at r525019."""
1060021_2,NO,"""Please check that the patch was applied as you expected. """
169584_1,YES,"""Thanks for taking care of this, Alejandro."""
1552744_1,NO,"""combined patch against 1.0"""
1529178_1,NO,"""Screens too big to attach: https://www.dropbox.com/s/p2e2gvi87vw772n/cordova_screens.psd  Eventually this should go on the Cordova website, and not the repo, I think."""
1646295_1,YES,"""Fixed in svn revision 533916.  thanks, dims"""
1049331_1,YES,"""Thanks Oliver."""
1049331_2,NO,"""Verified."""
1049331_3,NO,"""All the changes are correct. """
914660_1,NO,"""New patch looks good (nice comment on why NODELAY)."""
914660_2,NO,"""Let me test it."""
793141_1,NO,"""Subversion dump file."""
1697933_1,NO,"""I found the same issue about unparkSuccessor with the latest snapshot also."""
1697933_2,NO,"""Please take a look and see what else needs to be fixed."""
1697933_3,YES,"""Thanks a lot for your help!"""
893571_1,NO,"""+1, the latest patch looks good to me."""
893571_2,NO,"""I'm going to commit this momentarily."""
1141875_1,NO,"""The patch looks good."""
1141875_2,NO,"""1"""
1593668_1,NO,"""Hi Claus,  Please find the attached patch and zip files containing the changes you recommended."""
1593668_2,NO,"""I will check-in this version..."""
1593668_3,YES,"""Cheers,  Ashwin..."""
431730_1,YES,"""Thanks Martina."""
431730_2,NO,"""I will look at applying this later today."""
1148221_1,NO,"""I just committed this."""
1148221_2,YES,"""Thanks Christian."""
1101394_1,NO,"""+1, the latest patch looks good to me."""
1101394_2,NO,"""Allen, has Jon addressed all of your concerns?"""
1101394_3,NO,"""If so, I'll go ahead and commit this patch."""
1101394_4,NO,"""Please let me know."""
1607003_1,NO,"""Committed r1463555."""
1607003_2,YES,"""Thanks for taking a look, Jiannan """
1108896_1,NO,"""Alejandro, we are in a middle of the release right now, but I'll work on that over the weekend, perhaps."""
151401_1,YES,"""@mahadev - I would love to help test a patch :) I'm currently using 3.3.1 + ZOOKEEPER-744 + ZOOKEEPER-790, applied in that order."""
969033_1,NO,"""This patch fixes the issue: # Short circuits the MUST_PASS_ONE case just like it is done in the MUST_PASS_ALL case."""
969033_2,NO,"""# filter.filterRow() is called *after* filterKeyValue in the normal flow of things."""
969033_3,NO,"""This makes the test do the same where it matters."""
969033_4,NO,"""I am quite skeptical about this."""
625321_1,NO,"""+1 (subject to hudson)"""
518552_1,YES,"""Thanks Atul,  Your patch is in trunk at r933169  I just added some ""mod for OFBiz layered lookups"" comments around changes as suggested Sascha"""
1659591_1,YES,"""Thanks for you work on this Jayachandra."""
1074241_1,NO,"""verified by Paulex"""
1661407_1,NO,"""Ashu,  Please take a look at http://cvs.apache.org/viewcvs.cgi/xml-xerces/java/src/org/apache/xerces/dom/DeepNodeListImpl.java (mentioned by jongjin)  -- dims"""
640153_1,NO,"""This issue is fixed."""
640153_2,NO,"""Fixing this issue led to the next issue."""
1109371_1,NO,"""(will commit after Hudson +1s, that is)"""
653461_1,YES,"""Thanks Areek, new patch looks great; I'll commit shortly."""
1674348_1,NO,"""HI Christian,  I've applied your patches to trunk."""
1674348_2,NO,"""Looking good."""
1674348_3,NO,"""Thanks."""
1674348_5,NO,"""Could you verify the fix against the next nightly snapshot?"""
416614_1,NO,""" Updated patch to work with the latest shindig revision, that is, subversion revision 727075."""
1487389_1,NO,"""Are there snapshots of the volumes belonging to the VM?"""
531096_1,NO,"""Thanks,  rev."""
1609273_1,YES,"""Thanks a lot, Kiran for the patch."""
1609273_2,NO,"""Changes looks good."""
1609273_3,NO,"""@Ivan, could you please add your comments?"""
1609273_4,NO,"""if you like, please push this in."""
604559_1,NO,"""When I put this patch it did not have this issue,Let me update the patch."""
604559_2,NO,"""Thanks for finding this out."""
604559_3,YES,"""Thanks, Mayank"""
1093267_1,NO,"""+1 for the patch."""
1093267_2,NO,"""I committed it."""
1093267_3,YES,"""Thank you Thejas for the patch and Ivan for the review."""
557642_1,NO,"""I'm not very familiar with ant but i'd think it's just a wildcard for a classpath."""
599753_1,YES,"""Thanks Alejandro ."""
599753_2,NO,"""I misunderstood your comments."""
599753_3,NO,"""Thanks for the clarification."""
599753_4,NO,"""It make sense, I am attaching the updated patch."""
599753_5,YES,"""Thanks, Mayank"""
1651406_1,NO,"""I've tried this and Can't seem to find any problem."""
1651406_2,NO,"""Can you attach the WSDL /XSD files that created the problem ?"""
223666_1,NO,"""Wow, that was quick!"""
223666_2,NO,"""Thanks for the solutionhints."""
223666_3,NO,"""Works fine and the way i (and w3c) wants it now."""
223666_4,NO,"""No problemo, Close is fine for me."""
797836_1,NO,"""Thanks, correctly applied the patch and updated working copy."""
150896_1,YES,"""I would love it in 3.3.2, will upload a patch for that version."""
1648251_2,YES,"""Thanks, Mike!"""
609445_1,YES,"""Thanks Ravi."""
609445_2,NO,"""Yea, this fixes the other tets."""
609445_3,NO,"""I'll re-run the whole suite on branch-20-security for sanity before committing."""
214135_1,NO,"""Patch applied, thanks Nils"""
988022_1,NO,"""Wrong JIRA...please ignore my previous comment."""
1182156_1,NO,"""Committed revision 543344 in sandbox."""
1182156_2,NO,"""Jason, thanks for the patch."""
594886_1,NO,"""Thanks for the review, Sidd."""
594886_2,NO,"""Attaching the patch for branch-0.23."""
148220_1,YES,"""Sweet! Git, I love git! :)"""
1611788_2,YES,"""Thanks Sijie."""
1165502_2,NO,"""1"""
798095_1,NO,"""OK, we'll leave it with Atlassian"""
158904_1,YES,"""Thank you for the patch Sergey. """
158904_2,YES,"""I love a solution that's simpler and easier to understand than the original."""
1606184_1,NO,"""how about changing to ERROR for org.apache.zookeeper.server, and leaving as it is for the rest?"""
492451_1,NO,"""Hi,  Thanks for your comments."""
492451_2,NO,"""It is supposed to be handled as part of http://issues.apache.org/jira/browse/OPENJPA-907  There is a patch attached to it (I was a bit liberal with the RegEx)."""
492451_3,NO,"""I will correct it and ask for commiting the patch, once I am done with this."""
492451_4,NO,"""Regards, Ravi."""
153942_1,YES,"""Hi Henry, Thanks for checking it out.  """
153942_2,YES,"""In fact, if you happen to know why ObserverHammerQuorumTest is failing with this latest patch, I'd love to hear."""
879269_1,NO,"""I have committed this."""
879269_2,YES,"""Thanks, Jing!"""
1619858_1,NO,"""Applied the patch with revision 169493 -- thanks."""
431558_1,NO,"""This a patch submitted by Ankur Goyal."""
390946_1,YES,"""That sounds like a plan. I love peer-reviews... :-)"""
431558_2,NO,"""I will apply and verify it."""
423508_1,NO,"""Junit test."""
1403644_1,YES,"""Thanks for the very clear explanation of the needed change, Dag."""
1403644_2,NO,"""I have attached DERBY-3084.diff and the corrected file, rrefsqlj31580.html."""
1403644_3,NO,"""Please let me know if any further changes are needed."""
1378557_1,YES,"""Thanks for reminding me; I agree, I'll do it.  """
813608_1,NO,"""Committed to trunk."""
813608_2,YES,"""Thanks, JinJie!"""
1456150_1,NO,"""Yeah, I know."""
1456150_2,NO,"""Just noticed when trying to vote for 1.3.0."""
152294_1,NO,"""Qian,  Does seem like something wrong with hudson."""
152294_2,NO,"""Pat and myself are taking a look at it ."""
152294_3,NO,"""thanks"""
1208728_1,NO,"""Committed to trunk and flume-1.4, rev: c0c4947."""
1208728_2,YES,"""Thanks Brock!"""
915701_1,NO,"""Submitting it for Hudson to run the tests."""
915701_2,NO,"""Can someone review the patch in the meanwhile?"""
691606_1,NO,"""Looks good, I'll commit."""
691606_2,YES,"""Thanks Thomas!"""
1361949_1,NO,"""Hi Knut  I am interested in taking up this task.. Is that fine and kindly direct me on where to start off here."""
524342_1,YES,"""Thanks Divesh,  Your patch is commited at revision: 762863   """
432723_1,YES,"""Hi Sagara,  Thank you very much for looking into this."""
432723_2,NO,"""I will investigate this issue and update the patch."""
432723_3,NO,"""Thanks, -Suresh """
202107_1,YES,"""A pleasure :>."""
202107_2,NO,"""Cheers,    Berin """
1665161_1,YES,"""Thanks Tom."""
1665161_2,NO,"""I updated the indentation and doc/build.xml."""
196821_1,NO,"""I think that the problems are not related."""
196821_2,NO,"""I think that Henry Zongaro should open a new defect for the local-name problem."""
196821_3,NO,"""Fix for the gererate-id() problem seems to be correct. """
1045102_1,NO,"""Thanks Andrew."""
1045102_2,NO,"""Patch applied to PACK200 module at repo revision r611862."""
1045102_3,NO,"""Please check it was applied as you expected. """
167710_1,YES,"""I would love to have it right now for storm too. If you want me to sign up as a use case I am happy to."""
206441_1,NO,"""patch to add DynamicAttributesHandler and update SimpleTheme, AbstractCommonAttributesTest, and AbstractTest"""
452819_1,NO,"""re: ""should remain"" - yes, I vote it should remain, but be more flexible"""
1551007_1,NO,"""+1, committed, thanks"""
829999_1,NO,"""The changes to LazyBoolean.java look good."""
829999_2,NO,"""+1 to what Esteban said."""
1030636_1,NO,"""Committed."""
1030636_2,YES,"""Thanks for the patch Erik (and Jon)"""
858056_1,NO,"""Committed."""
858056_2,NO,"""Thanks Edward"""
398076_1,YES,"""Thanks for figuring this one out and providing the patch, Jamie!"""
398076_2,NO,"""Fixed in http://svn.eu.apache.org/viewvc?view=rev&revision=702423"""
832893_1,YES,"""@Ashutosh: thanks a lot for the comments."""
832893_2,NO,"""updated patch submitted at: https://reviews.facebook.net/D4455"""
1321632_1,NO,"""Hi Yuval, could you please attach a sample project showing the error?"""
1321632_2,NO,"""Or even better, do you have a patch?"""
331771_1,NO,"""Created an attachment (id=12292) corrresponding patch for LocalStrings.properties - will provide more as I encounter them """
1603656_1,YES,"""Thanks for the quick patching Donald!"""
528430_1,YES,"""Thanks Bilgin,  it is working fine now."""
1071886_1,NO,"""Hello Paulex,      The fix is fine."""
1071886_2,NO,"""Thanks!"""
1071886_3,NO,"""Best regards, Jimmy"""
754406_1,NO,"""A test suite that shows the issue"""
784754_1,NO,"""> Eagerly awaiting faster mirroring with github."""
784754_2,NO,"""See INFRA-4641 for some thoughts on how we could/should achieve that."""
784754_3,NO,"""Input welcome!"""
155576_1,NO,"""I just committed this."""
155576_2,YES,"""Thanks henry and pat... we'll have to re submit all the PA's so trigger hudson."""
513770_1,NO,"""Thanks for Confluence update Francis"""
1076299_1,NO,"""Svetlana,  Fixed in LUNI java.net.DatagramPacket at repo revision 376009."""
1076299_2,NO,"""Please check this fully resolves your problem. """
979479_1,NO,"""@Matt It would if I submitted the patch... Ugh  Lets see."""
1632066_1,NO,"""Patch applied."""
1632066_2,YES,"""Thanks senaka for the patch."""
166284_1,NO,"""Thanks [~bikassaha] addressed your comments."""
166284_2,NO,"""Attaching a new patch."""
1060977_1,YES,"""Thank you very much, Richard."""
1060977_2,NO,"""The fix looks fine at r517575."""
1071157_1,NO,"""The patch looks fine."""
1071157_2,NO,"""Thank you"""
1273997_2,NO,"""On 2010-03-01 15:37:55.688 jchuang commented: AIR bug is fixed."""
1660920_1,NO,"""Can you please submit a patch?"""
1660920_2,NO,"""thanks, dims"""
299188_1,NO,"""Thanks!"""
299188_2,NO,"""Patch applied in revision 885311."""
1575543_1,YES,"""Thanks for the patch Niall, +1"""
155358_1,NO,"""I just committed this."""
155358_2,YES,"""thanks henry!"""
1173000_1,NO,"""Shawn committed the fix in  rev 1159269 & rev 1164330"""
196370_1,NO,"""my xsltmark tests now run the docbook test without a problem."""
196370_2,NO,"""Thank Morris."""
1066806_1,NO,"""Patch applied at 472664."""
1066806_2,NO,"""Please check that it was applied as expected."""
1564892_1,NO,"""why do we need normalmappedsegment as well as native?"""
1564892_2,NO,"""could we get rid of normal?"""
1412275_1,NO,"""Patch d2087_try2.diff  Committed revision 499100 - Thanks Julius"""
1463800_1,NO,"""Patch applied in r710027."""
1463800_2,NO,"""Thanks!"""
1599436_1,NO,"""The rest of the TODO has been postponed to Camel 2.0 in CAMEL-971."""
536389_1,NO,"""Thanks Jacopo, this is in SVN rev 7808."""
919443_1,NO,"""Yup, it does the trick."""
919443_2,NO,"""I've ran the tests are both seems to be running fine now."""
919443_3,NO,"""+1 on the patch."""
1643696_1,NO,"""As I know this is working , [I didnt not test with JSR 181] , but I have tested with POJOs and it worked fine for me   Thanks Deepal"""
1181202_1,NO,"""Patch applied in rev 586231"""
1731894_1,NO,"""If tablet unloads were to use the normal compaction queue, may want to prioritize unload related compactions on the queue.  """
592394_1,YES,"""Taking it over  Thanks, Mayank"""
1172839_1,NO,"""Thanks Ivan, I commit the code according to your suggestion."""
365543_2,NO,"""Committed revision 1298668.  thanks for the suggestion Antony"""
1062946_1,NO,"""Verified at r495393, thanks Tim."""
534190_1,NO,"""Hi Jacopo,  no problem."""
534190_2,YES,""":)  Best regards, Fabian."""
522083_1,YES,"""Thanks  Rishi Solanki  to review the patch."""
891581_1,NO,"""I agree."""
891581_3,NO,"""Thanks for looking."""
1210631_1,NO,"""Patch committed."""
1210631_2,YES,"""Thanks Hari!"""
1019597_1,NO,"""Thanks for the patch Ferdy."""
1019597_2,NO,"""Lets see if someone else votes that they want it and if so, then we'll commit?"""
1066206_1,NO,"""Hello Ruth,  The patch has been committed at revision r502513."""
1066206_2,NO,"""Thanks a lot for this enhancement."""
1066206_3,NO,"""Please verify this issue is fixed as you expected."""
1066206_4,YES,"""Best regards, Richard"""
1006156_1,NO,"""So, i'm going to make a patch that does 1G regions and 128M flushes (with the multiplier still of x2 so we'll grow to 256M before the barrier comes down)."""
1006156_2,NO,"""Any objections?"""
1006156_3,NO,"""(A 2GB memstore flush is fine when lzo is on but we want something for default)."""
1074008_1,YES,"""Hello George,  The fix looks fine, many thanks!"""
1074008_2,YES,"""Best regards,  Andrew"""
524665_1,NO,"""Updated patch, so that the needed values from uiLabelMap can be accessible in ftls too."""
1353107_1,NO,"""I have applied your patch http://svn.apache.org/viewvc?view=rev&revision=757162 Thanks Pierre-Arnaud!"""
977494_1,NO,"""See https://issues.apache.org/jira/browse/HBASE-5151?focusedCommentId=13412056&page=com.atlassian.jira.plugin.system.issuetabpanels:comment-tabpanel#comment-13412056 for one reason we need versioning in patch filenames."""
977494_2,NO,"""When versioning is in play, the above regex wouldn't pick up all the patches."""
1187029_1,NO,"""Does this belong to http://issues.apache.org/jira/browse/DAYTRADER too?"""
675692_1,NO,"""Committed revision 1058592.  thanks uwe for the review"""
893375_1,NO,"""I committed the patch."""
893375_2,YES,"""Thank you Brandon."""
192655_1,NO,"""Ilene Seeleman has agreed to review patch."""
350302_1,NO,"""Hi Areek, yes, I'm reviewing your patch."""
350302_2,NO,"""It is just taking more time than I thought it would."""
350302_3,YES,"""I really like what I am seeing so far."""
350302_4,YES,"""This is quality work."""
491558_1,NO,"""Committed revision 901901 to trunk."""
491558_2,YES,"""Thanks Dianne!"""
1049872_1,YES,"""Thanks Elena."""
1049872_2,NO,"""Fixed in LUNI module at repo revision r598681."""
1049872_3,NO,"""Please check that this resolves the issue for you. """
1603168_1,NO,"""belongs to cactus project?"""
1118281_1,NO,"""+1 Committed."""
1118281_2,YES,"""Thanks Suresh"""
1171911_1,NO,"""Applied combined patch from Shiva and BJ at r692233."""
1171911_2,YES,"""Thanks to both for these usability enhancements !"""
875285_1,YES,"""Thanks a lot for the reviews, Todd."""
875285_2,NO,"""I've just committed this to trunk and branch-2."""
1074537_1,NO,"""Looks good."""
1074537_2,YES,"""Thanks Stepan."""
1675449_1,NO,"""+1  Looks good to me."""
1675449_2,YES,"""Thanks Doug for the change."""
749357_1,NO,"""As far as I understand the specification, [/jcr:system/jcr:versionStorage/17/66/ea/1766eaef-f0f5-4cf6-95ef-a1d7290257f9] is not a legal name:  http://www.day.com/specs/jcr/2.0/6_Query.html#6.7.4 Name  Name ::= '[' quotedName ']' | '[' simpleName ']' | simpleName ::= /* A JCR Name that is also a legal SQL identifier 10 */ 10 See the SQL:92 rules for <regular identifier> (in ISO/IEC 9075:1992 §5.2 <token> and <separator>).   """
1059326_1,NO,"""Too bad :( What ff we could check C-heap lock state before forking and possibly switch to an alternative way?"""
1128331_1,NO,"""Because of this and HADOOP-4972, it may makes sense to acquire namesystem locks in getBlockLocationsInternal."""
1128331_2,NO,"""However, it may leads to significant performance degradation"""
840320_1,NO,"""Typo:  surfix -> suffix"""
353154_1,NO,"""Who knows what evil lurks in the heart of Solr?"""
353154_2,NO,"""The shadow maven build knows..."""
699770_1,YES,"""Great investigations Doron!"""
699770_2,NO,"""Personally I'm more concerned with (1) than (2)."""
699770_3,NO,"""Was the fix for one issue more responsible for the performance loss than the other?  """
1604180_1,NO,"""I'm no pom expert, but it seems that unqualified pom variables can cause this problem."""
1604180_2,NO,"""Attached is a patch to support those variables."""
1158228_1,NO,"""correct build status capture echo's exit code"""
1051047_1,NO,"""Paulex, the original patch seems to be out-of-date."""
1051047_3,NO,"""Thanks"""
1540519_1,NO,"""I tend to doubt there's anything we can do about this if the problem is at a lower level."""
530111_2,YES,"""Thanks for your patience. """
1348985_1,NO,"""This file demonstrates the problem described in this bug."""
1348985_2,NO,"""The expected behavior would be to see the following messages on stdout."""
1062200_1,NO,"""This script renames the files like follows:  cd modules/lang-management/src/test/impl/java/org/apache/harmony/lang/management svn move DynamicMXBeanImplTest.java DynamicMXBeanImplTestBase.java svn move SingleInstanceDynamicMXBeanImplTest.java SingleInstanceDynamicMXBeanImplTestBase.java svn move MultiInstanceDynamicMXBeanImplTest.java MultiInstanceDynamicMXBeanImplTestBase.java  Run it please from classlib base directory."""
810470_1,NO,"""I respectfully disagree with your interpretation even though in most of the cases it corresponds to what the majority of users may expect to see (including myself)."""
810470_2,NO,"""This said, HttpClient is a general purpose HTTP agent and as such should follow the letter of the specification rather than make informed guesses."""
810470_3,NO,"""We are not supposed to invent stuff."""
810470_4,NO,"""Nowhere in the spec 'circular redirects' are mentioned."""
810470_5,NO,"""The spec states that an HTTP agent should avoid infinite loops, which is not the same thing as circular redirects in my opinion."""
1710466_1,NO,"""I saw this recently when using a custom built ActiveMQ (5.0.0.9-fuse) with ServiceMix (3.2.1)."""
548365_1,NO,"""I think the language in snowball must be English, not en."""
298611_1,NO,"""I'll have a look at mime4j and try to use it in Tika"""
1048988_1,YES,"""Thanks Ivan."""
1048988_2,NO,"""Your patch was applied at 553723."""
1048988_3,NO,"""Please, verify."""
1075737_1,NO,"""Looks fine, thanks."""
451059_1,NO,"""That was a pain!"""
451059_3,NO,"""Thanks!"""
451059_4,NO,"""svn rev 503448"""
1597087_1,NO,"""Do you want me to tweak the patch to rename the alternate body header tag andif  move it to the MailConstants?"""
1597087_2,NO,"""If you have any other things you don't like about it, let me know and I can work on it tomorrow.  """
857554_1,NO,"""Cancelling patch until we get a consensus on Carl's comment."""
715348_1,NO,"""Makes sense to me."""
715348_2,NO,"""We have equalsIgnoreCase, so having that ability for EqualsBuilder (and therefore HashCodeBuilder) seems apt."""
715348_3,NO,"""Setting fix version for 3.0 - ie) won't be looking at applying this until after 2.3 gets released."""
159612_1,YES,"""Hi Sandy, Thanks so much to give me such comments, that's really helpful, I will update this later."""
669989_1,YES,"""ahhh sweet, i'm guessing you have an IDE that does this? If the tests pass commit, this kinda crap goes out of date too fast!"""
1231714_2,NO,"""Sending to IRB."""
1231714_3,NO,"""On 2011-10-26 14:27:36.512 chiedozi commented: This would be a very simple change to make."""
1231714_4,NO,"""I would just need to retrieve the backgroundAlpha style before calling drawRect in its updateDisplayList."""
1231714_5,NO,"""The problem is that we use this draw call to also draw the thin divider."""
411322_3,YES,"""I want to integrate the sweet sweet logo Andrew crafted."""
1231714_7,NO,"""On 2011-10-26 15:16:22.394 jsaracin commented: IRB -- opening to Chiedo, priority B, Ultra."""
1064483_1,YES,"""Thanks, Oliver!"""
1064483_2,NO,"""The patch is fine. """
290177_1,YES,"""Thanks to Fabrizio for the patch."""
695065_1,NO,"""I'm almost done w/ a conversion."""
695065_2,YES,"""Regex is your friend."""
1607140_1,NO,"""[~ikelly] are you trying the right patch?"""
1607140_2,NO,"""the new patch already put the #resolveConflict after checking ensemble."""
1011466_1,NO,"""oh, I looked closely to see if you flipped args or did a compare w/ a presumption that hadn't been testing a statement or two earlier and it all looks right to me."""
521246_1,YES,"""Thanks Awdesh - Done at r821748."""
1400094_1,NO,"""I had a quick look at the ab patch, and nothing jumped at me."""
1400094_2,NO,"""Two small nits, though:    * the count variable in requireAtLeastOneProperty() is never used    * couldntSetProperty() reinvents Property.toString() (or actually Hashtable.toString() which is inherited by Property)"""
1075912_1,YES,"""Thanks Richard,  Patch applied to NIO_CHAR module java.nio.CharsetEncoder at repo revision 389784."""
1075912_2,NO,"""Please check that the patch was applied as you expected. """
1138734_1,NO,"""+1 Looks good  I just committed this."""
1138734_2,YES,"""Thanks, Tom"""
912099_1,YES,"""Thanks for your comments, Konstantin."""
912099_2,NO,"""I addressed all of them in a new version of the patch."""
865459_1,NO,"""do we really need this?"""
865459_2,NO,"""the current command is modeled after the export shell command."""
865459_3,NO,"""export x=y sets the variable."""
865459_4,NO,"""export with no args prints all the current settings."""
865459_5,NO,"""we are missing an equivalent of export -n (to unset stuff)."""
865459_6,NO,"""if this is not a good model - then we should switch it with something different altogether."""
1542077_1,NO,"""Well, 4762 is going nowhere fast, should we push this to 2.1 as well?"""
189434_1,NO,"""This should have been fixed already."""
1587218_1,NO,"""EventListeners and CacheLoaders are documented."""
1587218_2,NO,"""Only peerProviders and some tutorial left to do."""
176080_1,NO,"""XW-172 already talked about number conversion and localization."""
176080_2,NO,"""Sorry I didn't see that before creating this issue."""
568646_1,NO,"""thanks to Christian Kaltepoth for provide this patch"""
534798_1,YES,"""Marcelo, thanks for pointing out this; it is now fixed in rev."""
287901_1,NO,"""Hi, did you check the snapshot?"""
287901_2,NO,"""+ http://tomee.apache.org/datasource-config.html explains that IgnoreDefaultValues can be used to avoid it"""
1074192_1,NO,"""fixed in revision 413841 Boris, please check that it was applied as expected"""
713421_1,NO,"""At the very least the exception could explain what the problem is rather than what the state of an obscure private variable is."""
1275238_1,NO,"""On 2008-02-25 15:37:45.766 jchuang commented: This is an AIR issue, the AIR team has been notified."""
1275238_2,NO,"""On 2010-03-01 16:52:26.625 jchuang commented: Correctly resolved external"""
744170_1,NO,"""Thanks for updating the dependency."""
744170_2,NO,"""Checked in the patch (see revision 1295288)."""
155469_1,NO,"""+1, thanks Henry Committed revision 779716."""
1485242_1,NO,"""I don't this its specific to HyperV, as the mgmt server has to take care of reservation of IP address."""
1485242_2,NO,"""Can you verify with other hypervsisors and update ."""
1073834_1,YES,"""looks fine, thank you."""
1063984_1,YES,"""Thanks for spotting this, fixed at r487519"""
359694_1,YES,"""Thanks Areek, patch looks good!"""
1217460_1,NO,"""Do more modern version of the Flash player work 11.3- 11.6?"""
400255_1,NO,"""i agree, i think there is no wsdl into jms sample component."""
400255_2,NO,"""one is could be provided, isn't it? """
1602705_1,YES,"""Hi James,  This patch has been applied by chirino in the revision 576522  at Sep 17."""
665434_1,NO,"""Hmmm... it's not collisions then, it was worth a try."""
665434_2,NO,"""I still find the difference puzzling -- I can't justify your version being 3x faster."""
665434_5,NO,"""But we know a lot about docids, and extra hashing should just lead to an average-case slowdown."""
665434_6,NO,"""Ok."""
794882_1,NO,"""Hi Jamie,  I can not access the mirror, get a 404, have you moved/removed it, do you still want it adding ?"""
794882_2,NO,"""Thanks."""
544226_1,NO,"""blindly changing the oak security provider to   private SecurityProvider securityProvider = new SecurityProviderImpl();  gives Tests run: 706, Failures: 0, Errors: 122, Skipped: 13 """
762743_1,NO,"""Thx for your investigations Chet."""
762743_2,NO,"""Have you got a link regarding the classpath exception and ASL2 compatibliity?"""
762743_3,NO,"""For the authentication issue, it's recorded in JAMES-1418 (I will try to look at it this weekend)."""
376847_1,NO,"""Thank you."""
376847_2,YES,"""This patch really helped."""
376847_4,NO,"""So, I added a comment out on UnInvertedField."""
583075_1,NO,"""For the second issue: Consider long tailed distribution as shown on http://en.wikipedia.org/wiki/Long_tail  (In case of network traffic."""
583075_2,NO,"""The biggest 90% data volume comes comes from less then 10% of connections.)"""
583075_3,NO,"""In this case we have extremely wide spread __important__ values with only ___single_ occurrences."""
583075_4,NO,"""If we want to generate similar variable (for ex."""
583075_5,NO,"""larger sample) we'll get fixed values for all this bins in the long tail."""
583075_6,NO,"""It signifies 10% of generated values will be __fixed_ values - their respective bin means!"""
583075_7,NO,"""Last Issue: I would question usage of Gaussian Kernel at all."""
583075_8,NO,"""Without having a mathematical prove, I nevertheless suppose it could disturb parameters of generation if we have non Gaussian empirical data."""
583075_9,NO,"""(for ex."""
583075_10,NO,"""Pareto, Tweedie, ..)  Why we don't stick with triangular or uniform distribution as default for Kernel within the bean?"""
784774_1,NO,"""The apache vhost has been setup, but still needs some work."""
784774_2,NO,"""Right now it will proxy to port 80 of the httpd instance running on the current VM."""
784774_3,NO,"""Is this sufficient?"""
784774_4,NO,"""Does nexus check for https connections for anything?"""
784774_5,NO,"""Does it care at all?"""
1012858_1,NO,"""[~sershe], please bear with me - (1) could you please upload a rebased patch."""
1012858_2,NO,"""The patch is horribly out-of-date."""
1012858_3,NO,"""(2) HDFS-4979 introduced RetryCache in the NameNode."""
1012858_4,NO,"""Not sure if it is reasonable - is it possible to use the classes from HDFS-4979 here."""
869647_1,NO,"""Committed to branch."""
775535_1,NO,"""An email snafooey caused us to update our JIRA instance to 6.1 before we had a chance to test the import on our test instance (it didn't work properly for those who tried to whack at it)."""
775535_2,NO,"""We have a guy looking into getting it in shape now, but it will require you to update your current JIRA instance to 6.1 before doing another export for us."""
775535_3,NO,"""I'm truly sorry for this inconvenience, but JIRA is really strict about the versions being equal when doing an import."""
775535_4,NO,"""So, good news is we finally have a chance of testing the exports very soon, bad news is, it will require an update on your side to be able to transfer the spark JIRA data."""
775535_5,NO,"""I hope you can figure out how to upgrade, and if you have any questions or need help, feel free to reach out to us."""
857619_1,NO,"""Soundararajan, Ning - Yes I am planning on working on it starting next week."""
857619_2,NO,"""I expect this to take at least upto mid to late in the week in order to get a patch available for this."""
857619_3,NO,"""However, if that schedule does not work for you, please feel free to take this issue into your queue and go ahead."""
857619_4,YES,"""It will be great if you could confirm it either way first."""
1070101_1,NO,"""Alexei, this patch is quite out of date (sorry about that)."""
1070101_2,NO,"""Please can you provide an updated patch?"""
1070101_3,NO,"""Thanks Tim"""
1020899_4,NO,"""If regionnames were made of tablename+endrow instead of tablename+startrow, then in the metatables, doing a search for the region that contains the wanted row, we'd just have to open a scanner using passed row and the first row found by the scan would be that of the region we need (If offlined parent, we'd have to scan to the next row)."""
1020899_5,NO,"""If we redid the meta tables in this format, we'd be using an access that is natural to hbase, a scan as opposed to the perverse, expensive getClosestRowBefore we currently have that has to walk backward in meta finding a containing region."""
1020899_6,NO,"""This issue is about changing the way we name regions."""
1020899_7,NO,"""If we were using scans, prewarming client cache would be near costless (as opposed to what we'll currently have to do which is first a getClosestRowBefore and then a scan from the closestrowbefore forward)."""
1020899_8,NO,"""Converting to the new method, we'd have to run a migration on startup changing the content in meta."""
1020899_9,NO,"""Up to this, the randomid component of a region name has been the timestamp of region creation."""
1020899_10,NO,"""HBASE-2531 ""32-bit encoding of regionnames waaaaaaayyyyy too susceptible to hash clashes"" proposes changing the randomid so that it contains actual name of the directory in the filesystem that hosts the region."""
1020899_11,NO,"""If we had this in place, I think it would help with the migration to this new way of doing the meta because as is, the region name in fs is a hash of regionname... changing the format of the regionname would mean we generate a different hash... so we'd need hbase-2531 to be in place before we could do this change."""
1406041_7,NO,"""The two machines do not share the filesystem."""
1406041_8,NO,"""There is an embedded Tomcat running in the same JVM, but according to the logs, the database is not booted twice."""
1406041_9,NO,"""The only reasons for the failure I can think of were the failed network connections, the OutOfMemoryError or the 4000+ simultaneous connections together with lock timeouts."""
1406041_10,NO,"""Ah and I am running 10.2 SVN 540841, as this fixes DERBY-2549."""
877672_2,NO,"""#NAME?"""
236726_1,NO,"""Dojo [0] and Ext.js [1] take both a different approach (which i personally don't really like)."""
236726_2,NO,"""just wanted to mention it, as it's not about my personal preference, but rather what is considered most useful for everybody."""
236726_3,NO,"""[0] http://dojotoolkit.org/~dylan/dojo/tests/widget/demo_DatePicker.html [1] http://extjs.com/deploy/ext/examples/form/dynamic.html (3rd form)"""
1110348_1,NO,"""Aaron: I completely agree the parser needs to be changed, but I don't currently have the time available."""
1110348_2,NO,"""My goal here is a very small/quick change to revert how every FsShell command (except count) to how it used to work."""
1110348_3,NO,"""If you're ok with that, I think another jira should switch the parser."""
1110348_4,NO,"""Todd: I suppose it comes down to whether hadoop should favor posix or gnu extensions?"""
892816_1,YES,"""Thanks Todd, glad to be on board!"""
364570_2,NO,"""can we apply the jarjar solution only to commons-csv?"""
476703_1,NO,"""I tested this again on Ubuntu 10.04, This works with the new Tomcat instance and then when I tried the 2nd time it is not working."""
476703_2,NO,"""But when i delete the file which was created at <tomcat-home>/bin/search-index/write.lock  it works fine  but I'm not sure whether this creates other implications?"""
476703_3,NO,"""Further I think the tags are not saved any ware because after redeploying I found the tags I added are missing."""
476703_4,NO,"""Is this due to the deletion of write.lock"""
639317_1,NO,"""From the logs, it is clear that the reducers could not fetch the output for map attempt attempt_200905051023_1155_m_000036."""
639317_2,NO,"""Both the reducers (and possibly everybody else) is waiting on these."""
639317_4,NO,"""There is something mysterious going on here."""
639317_5,NO,"""If attempt id 1 was speculative, the framework would not have killed it as the original attempt was a failure."""
639317_6,NO,"""If it was not, was the attempt Id 1 killed explicitly?"""
639317_7,NO,"""In any case, why did not the framework try and re execute this map somewhere else?"""
639317_8,NO,"""Could you let us know if speculative execution was turned on?"""
639317_9,NO,"""If, by any chance, you have the logs for the task attempts attempt_200905051023_1155_m_000036_0 and attempt_200905051023_1155_m_000036_1, could you attach them to this Jira? """
396189_1,YES,"""Sweet, I will review and apply."""
1096201_1,NO,"""Attaching the 10 findbugs reports for common and the various hadoop-tools projects and hadoop-auth."""
1096201_2,NO,"""Common has 100 or so warnings and there's a couple dozen spread out around the others."""
1096201_3,NO,"""Probably makes sense to do these like HDFS-4014, sensitive changes get their own patch and the general new classes of warning can be handled in bulk in a small set of patches."""
1135318_1,NO,"""I just committed this."""
1135318_2,YES,"""Thanks, Amar!"""
612026_1,NO,"""-1 overall."""
612026_2,NO,"""Here are the results of testing the latest attachment    http://issues.apache.org/jira/secure/attachment/12501038/MAPREDUCE-3209.patch   against trunk revision ."""
1029613_1,YES,"""Thanks for sweet patch Erik."""
612026_3,NO,"""+1 @author."""
612026_4,NO,"""The patch does not contain any @author tags."""
612026_5,NO,"""-1 tests included."""
612026_7,NO,"""Please justify why no new tests are needed for this patch."""
612026_8,NO,"""Also please list what manual steps were performed to verify this patch."""
612026_9,NO,"""+1 javadoc."""
612026_19,NO,"""The patch passed contrib unit tests."""
225205_1,NO,"""martin-g :i think do this in 6.0 and do 4327 in 1.5.x as its very easy to do 4327,if you do 4327,there will not be any need to mock AjaxRequestTarget but if you do do 4327 also add getters for prependscripts and appendscripts in ART ;)"""
316863_1,NO,"""I believe the notifications are now scheduled properly."""
1297448_1,NO,"""created: 2005-09-18 23:36:49.000 resolved: 2007-06-04 10:08:18.657 updated: 2011-05-10 16:51:30.000"""
1116600_1,YES,"""Owen, thanks for the slides."""
1116600_2,NO,"""I don't see a direct relation between this issue and the issue of simplifying the implementation of efficient map-side joins (MAPREDUCE-1183, more or less)."""
1116600_3,NO,"""Am I missing the connection, or is this a distinct issue?"""
1116600_4,NO,"""File formats are forever."""
1116600_5,NO,"""More variations add significant, long-term compatibility burdens to the project."""
1116600_6,NO,"""We badly need to add support for a higher-level object serialization system than Writable."""
1116600_7,NO,"""But I'm not convinced its wise to add such support to the exisiting Java-only container file formats."""
1116600_8,NO,"""So I'm all for a more generic serialization API that can be used by MapReduce applications."""
1116600_9,NO,"""I don't however see that it follows that we should provide implementations of file formats with a large number of different serialization systems, as that invites multiplicative long-term support issues."""
1116600_10,NO,"""I'd prefer that we instead direct users towards a single preferred high-level serialization system and a single preferred container."""
1116600_11,NO,"""Historically that's been Writable and SequenceFile."""
1116600_12,NO,"""We now need to migrate from these to a more expressive, language-independent serialization system and container file."""
1116600_13,NO,"""Our APIs should be of course be general enough that it's possible to incorporate different serialization systems and different file formats, but we needn't provide implementations of all combinations of these, but should rather direct folks towards a primary implementation."""
1116600_14,NO,"""Google benefits tremendously by having a single standard serialization system and container file format."""
1116600_15,NO,"""The Dremel paper (http://sergey.melnix.com/pub/melnik_VLDB10.pdf) argues that this is an essential enabler of their wide variety of interoperable systems."""
1116600_16,NO,"""The further we depart from this the harder we make it to build systems like Dremel that multiply the utility of stored data."""
1116600_17,NO,"""Changing serialization systems or file formats is a major imposition for many applications."""
1116600_18,NO,"""They cannot afford to do it frequently."""
1116600_19,NO,"""We should provide a clear path forward from Writable+SequenceFile to a new system that's easier to use, less fragile, and language-independent to better facilitate a rich ecosystem of tools."""
175261_2,NO,"""Fixed TestCompositeService to not depend on test-order and thus made it pass on JDK7."""
175261_3,NO,"""Contributed by Thomas Graves."""
985641_1,NO,"""@Andy I have some thing which is similar to this and sorry if am diverting the current JIRA title."""
706542_1,YES,"""I'm glad we were able to resolve this issue."""
985641_4,NO,"""May be i have the current PUT with me and from which i form the new PUTs to be added thro coprocessor hooks to a new region."""
985641_5,NO,"""Assume the PUT(and related things) that i created in preBatchPut is also needed while i use the preWALWrite, is there any way i can carry it in one flow?"""
985641_6,NO,"""Hope am not missing anything?"""
985641_7,NO,"""If you feel this can be done may be we can file an Improvement JIRA."""
985641_8,NO,"""Please provide your suggestions"""
1013449_1,NO,"""How about renaming leftResults as remainingResults ?"""
1013449_2,NO,"""Please prepare patch for trunk."""
1013449_3,NO,"""Thanks"""
241962_1,NO,"""How about fixing WHIRR-337 before?"""
241962_2,NO,"""It should simplify things."""
1017429_1,NO,"""+1, in my mind, the -ROOT- table is very important of routing the right RegionServer of .META."""
1017429_2,NO,"""The whole system could be out-of-service in case the Region of SequenceFile of the -ROOT- can NOT be opened."""
1017429_3,NO,"""Thus, i quite agree that we put the .META."""
1017429_4,NO,"""directly into Zookeeper to reduce this."""
1017429_5,NO,"""We can avoid one case of failure."""
1430007_1,NO,"""Note: the attached patch does not break the existing API"""
641296_1,YES,"""Megan, Glad to be of service : )"""
1336075_2,NO,"""Executing /stop on a running EC2 instance will terminate the instance."""
1336075_3,NO,"""There is a JIRA logged to request that 'stop' and 'terminate' be two different available actions ... see https://issues.apache.org/jira/browse/DTACLOUD-100 - also https://issues.apache.org/jira/browse/DTACLOUD-111"""
1730128_1,NO,"""Fresh copy of the example configs?"""
1115715_1,NO,"""{{PreTestTarget}} is a garbage I have missed out."""
1115715_2,NO,"""Removed."""
1115715_3,NO,"""The target {{inject-system-faults}} is defined in src/test/aop/build/aop.xml"""
694901_1,YES,"""Thanks Andi."""
694901_2,NO,"""What would you think of just exposing incRef() & decRef() as expert public methods?"""
694901_3,NO,"""#NAME?"""
694901_4,NO,"""We would just add ensureOpen() to those methods and make them public."""
237571_1,NO,"""I don't agree to including the javadoc sources in the release."""
237571_2,NO,"""The zip is already large and contains all code."""
237571_3,NO,"""Using maven you can easily generate the docs yourself."""
237571_4,NO,"""Or even better: use the maven repository to automatically attach the sources-jar to your eclipse/idea/netbeans project."""
237571_5,NO,"""You can also download them by hand and attach them manually."""
237571_6,NO,"""The comparison with 1.2.6 is not valid as we use a different setup now and ship everyting in one zip instead of a zip per project.."""
1444834_1,YES,"""Hi Daniel, thanks in advance for your support."""
1444834_2,NO,"""I send you a simple eclipse CXF webservice project using spring, and a simple eclipse CXF client project."""
1444834_3,NO,"""With this client project i can't get connect with the webservice published in a Apache-tomcat-5.5.25."""
1444834_4,NO,"""The curious thing is that with a c#.net client i can connect with that webservice, but not with a java generated client."""
1444834_5,NO,"""I don't know what i'm doing wrong!"""
1444834_6,NO,"""Any help would be appreciated."""
1444834_9,NO,"""The client stubs were generated with wsdl2java command of CXF distribution."""
1444834_11,NO,"""I send you a list of all .jars at present i use in both projects, there are many libraries but i test even with the minimal jars with the same results."""
1293977_1,NO,"""created: 2006-11-08 15:55:12.000 resolved: 2007-06-04 10:08:36.132 updated: 2011-05-10 16:12:23.000"""
1447422_1,NO,"""Fixed in SVN now."""
1115581_1,NO,"""If it's never ok to pass null for the path (ie a bug in the code) then you can assert path != null or throw an AssertionError."""
1115581_2,NO,"""If it's OK sometimes and not others than IllegalArgumentException seems appropriate, seems like it should never be legitimate to create a FileStatus w/o a path unless using the no argument constructor.  """
1129939_1,YES,"""Thanks Hairong!"""
1129939_2,NO,"""I learned much the issue progress of hadoop here."""
1129939_3,NO,"""And I think I will do more next time."""
1255386_1,NO,"""created: 2009-09-01 05:38:20.000 resolved: 2009-09-22 18:54:05.051 updated: 2011-04-15 15:06:27.000"""
617605_2,NO,"""Cleanup MR staging directory on completion."""
617605_3,NO,"""Contributed by Mahadev Konar."""
193712_1,NO,"""Created an attachment (id=10304) test.xml """
196536_1,NO,"""FilterExprWalker.detach() calls  DescendantIterator.detach() and set DescendantIterator.m_traverser to null for $exceptions[1]/@name."""
196536_3,NO,"""I would appreciate if any commiter review the patch."""
861410_1,NO,"""I am going to repurpose HIVE-538 to clean up the implementation of the getSchema call."""
1116826_1,NO,"""Glad to see people are interested in this."""
1481069_1,NO,"""This should (and can) be automated. """
1736953_1,NO,"""Could you verify if there is still an issue with a 5.6 snapshot."""
1736953_2,NO,"""My suspicion is that it will be resolved."""
1592708_1,NO,"""Hadrian I wonder if we can add a _warning_ to the 2.0 release notes about the missing hash and sign files."""
1592708_2,NO,"""Nobody would download and use 2.0.0 release where there is 2.4.0 or better."""
419417_1,NO,"""I would like to see this reopened."""
419417_2,NO,"""As i wrote to the list, it does not work for me."""
723986_1,NO,"""Apache Karaf 2.1.1 is now available for download :)"""
780555_1,NO,"""I've checked the repository myself and everything seems fine to me."""
780555_2,YES,"""Thank you very much for your effort David."""
780555_3,NO,"""I've pinged PMC group to have another eyes look around to be sure that everything is fine."""
780555_4,NO,"""I'll ping here once this will be done."""
167609_2,NO,"""Modified YarnRemoteException to be not backed by PB and introduced a separate SerializedException record."""
167609_3,NO,"""Contributed by Siddharth Seth."""
167609_5,NO,"""Updated MR App to reflect YarnRemoteException changes after YARN-634."""
167609_6,NO,"""Contributed by Siddharth Seth."""
182715_1,NO,"""Er, sorry, paste didn't work -- here's the full bug text:  =====  The following dependency relies on the sun."""
182715_2,NO,"""* packages, meaning that Xerces-J 2  is not 100% Pure Java (it depends on a specific aspect of specific versions of  *Sun* JVMs)."""
182715_3,NO,"""Found when attempting to compile Xalan-J 2 with gcj."""
182715_4,NO,"""org/apache/xml/serialize/EncodingInfo.java:0: error: cannot find file for class  sun.io.CharToByteConverter """
1513896_2,NO,"""Fixed classpath for chukwa core jar file."""
1678692_1,NO,"""Fixed in 1.2 branch as well."""
367988_1,NO,"""What is the right process to deprecate this behavior in 3.x?"""
367988_2,NO,"""Is it just a note in the CHANGES.txt?"""
367988_3,NO,"""We could also try to detect the behavior and log a warning... but i'm not sure that is worth much.  """
1390996_1,NO,"""Changes appeared in 10.8.1 documentation, so closing."""
1684034_1,NO,"""retrospectively setting fix version in preparation for SDO M3"""
750378_1,NO,"""Solution looks as follows: when doing a cluster sync, whether it is for reading or writing, always acquire the version manager's read lock first."""
626262_1,NO,"""Patch adds javadoc for the newly added tests."""
752306_1,NO,"""Right, and right after that is the section I was referring to."""
1328775_1,NO,"""I think the licensing on that one might be complicated."""
1328775_2,NO,"""The source files appear to have various licenses, including GPL. """
477787_1,NO,"""Hi Andreas,  as we are a bank, we can't provide you with the normal documents as they are internal documents."""
477787_2,NO,"""Therefore we will prepare a special document with a single checkbox will shows the error."""
477787_3,NO,"""It will come eiither today or tomorrow."""
477787_4,YES,"""Thanks in advance Jens """
1647688_1,NO,"""The patch went in a few days ago:  http://svn.apache.org/viewvc?view=rev&revision=499521  """
1110076_1,NO,"""Test code added as part of HDFS-2131"""
1393433_1,NO,"""I've attached the output of dblook as db.sql and a simplified creation script as sample.sql that includes the relevant tables and columns with sample data."""
1393433_2,NO,"""I also verified that the bug still occurs in 10.6.1.0"""
1482538_1,NO,"""Could you supply also a webapp sample?"""
1482538_2,NO,"""It's easy, look in the scratchpad/webapp/mount how it is done."""
1482538_3,NO,"""This could get many trying it and getting involved."""
1482538_4,NO,"""If I commit it as-is, we could miss some help."""
1721949_1,NO,"""Patch to address the issue."""
231637_1,NO,"""I have found the source of the problem - yet I completely don't understand why such an unrelated thing breaks navigation."""
231637_2,NO,"""Probably it is way deeper problem."""
231637_4,NO,"""As soon as I remove wicket enclosure or add some text node inside - the navigation toolbar starts properly counting pages (it was showing 0 of 0 before because it thinks it is not visible in hierarchy)."""
1211283_7,NO,"""Thanks,  Hari  """
1513660_1,NO,"""This has been fixed by check in for CHUKWA-274."""
1377264_1,NO,"""This patch adds the RelativeTest.java file which is a conversion of the jdbcapi/testRelative test, to the same package as the latter."""
1377264_2,NO,"""Also adds the tests to the _Suite class."""
1377264_3,NO,"""Please review and comment if anything is lacking or incorrect."""
675068_1,NO,"""Bulk close for 3.1"""
793394_1,NO,"""Mailing Lists to be set up before this cab be done."""
748448_1,NO,"""I've modified the patch to name the function rep.normalize  If you think that my proposal is actually not enough ambitious for being called ""normalization"", do you prefer something like rep:toASCII, which may seem less universal ?"""
748448_2,NO,"""I really think there is an added value with this function for Jackrabbit users, I personnally use it with every String-ordered query."""
489104_1,NO,"""No - unfortunately I do not have enough knowledge to digg into OpenJPA's code"""
963946_1,NO,"""That is correct."""
1355422_1,NO,"""The build seems to have broken on 10.9 when the test was backported."""
1355422_2,NO,"""It only breaks if j14lib is not set."""
1355422_3,NO,"""The problem is that I changed the build script to use java14compile.classpath instead of java15compile.classpath for the new test when I backported it from 10.10."""
1355422_4,NO,"""I mistakenly thought 10.9 was supposed to work on Java 1.4 (in fact, the 10.9.1 release notes say it is supported, although we removed support for it after 10.8), and the build worked in my environment because I had j14lib set, and the test ran just fine on 1.4."""
1355422_5,NO,"""I'll post a patch that makes 10.9 compile the test against 1.5 instead of 1.4."""
1355422_6,NO,"""The patch that broke the build on 10.9, was also backported to 10.8."""
1355422_7,NO,"""However, on 10.8 it is correct to compile the test against 1.4, so that's not a problem."""
589914_2,NO,"""Here are the results of testing the latest attachment    http://issues.apache.org/jira/secure/attachment/12605661/MAPREDUCE-5538.6.patch   against trunk revision ."""
589914_4,NO,"""The patch does not contain any @author tags."""
237274_1,NO,"""I still can't work out how to do this."""
237274_2,NO,"""Igor suggested moving the call to Component#onBeforeRenderChildren() inside Component#onBeforeRender(), but if I do that, I get an NPE in the ListView#renderItem() method even for basic code."""
1068432_1,NO,"""Hmm, the suggested patch is not good for DRLVM, which handles ""-version"" normally."""
1068432_2,NO,"""What is the point to print only launcher version, after all?"""
715499_1,NO,"""The following had serialVersionUID set for the 2.2 release."""
715499_2,NO,"""There have been no new ones added for 2.3."""
715499_3,NO,"""So when 2.3 is released, you shouldn't get the problems you've had from 2.1 to 2.2 for these files."""
282276_1,NO,"""Committed patch with workaround in revisions 1054027 and 1054030"""
768049_1,NO,"""I attached our resolvers, sadly we have no file system resolvers, because our repository is hosted on a central server."""
768049_2,NO,"""Only the cache is a local filesystem resolver."""
768049_3,NO,"""We are using this pattern ""${ivy.dir.pattern}/[revision]/[artifact]."""
768049_4,NO,"""[ext]"" so we should fullfil the requirements for the atomic operation."""
768049_5,NO,"""Is it planned to add the atomic feature to all resolvers?"""
1035388_1,NO,"""I did some more messing around, and I was wrong about the FS stuff."""
1035388_2,NO,"""I deleted the local hbase directory and the problem went away."""
1035388_3,NO,"""Does this mean the migrate tool is busted for this version?"""
422798_1,NO,"""Problem ensuing from source files inconsistency"""
355333_1,NO,"""Patch with the fixes."""
355333_2,NO,"""Committing shortly."""
1419726_1,NO,"""Applying both patches results in clean tests (jdbc4 tests and derbyall modulo wisconsin noise)."""
1349886_1,YES,"""Aha,, thanks for the information. That makes sense. Glad to hear that it helped! :)"""
959742_1,NO,"""Yeah that one (TestAtomicOperation) has me worried a bit."""
959742_2,NO,"""That one has not failed in a *very* long."""
959742_3,NO,"""And new we've had two failures within a few days."""
1717560_1,NO,"""Patch integrated to trunk."""
658544_1,NO,"""Closed after release."""
1208441_1,NO,"""Doc update to correct FQCN."""
677770_2,NO,"""Simon, I'm going to get deletes working, tests passing using maps in the RT branch, then we can integrate."""
677770_3,NO,"""This'll probably be best."""
677770_4,NO,"""Jason, I suggest you create a separate issue something like ""Integrate BytesRefHash in Realtime Branch"" and I will take care of it."""
677770_5,NO,"""I think this issue had a clear target to factor out the hash table out of TermsHashPerField and we should close it."""
677770_6,NO,"""lets use a new one to track the integration."""
1417766_1,YES,"""Thanks for looking into this Suresh."""
1417766_2,NO,"""Now, I can see this from the traces too."""
1417766_3,NO,"""We are re-using the prepared statement after table t1 is dropped."""
285591_1,NO,"""Completed: At revision: 520469   """
1472237_1,NO,"""I believe this will be done only when the package name has to be changed due to backward incompatibilities."""
526476_1,NO,"""This is not new : we have the same type of behaviour when we switch languages..."""
1738716_1,NO,"""Note: also change the use/effect of network connector dynamicOnly  - this flag had little effect but is now re-commissioned to indicate whether durable subs should be auto bridged (default) or whether they should be dynamic only."""
1738716_2,NO,"""There is no change to the default behavior."""
428249_1,NO,"""Fixed long ago."""
428249_2,NO,"""Deleting an entry now flushes the main page cache."""
235124_1,NO,"""the link you point to is not our official javadoc  our official javadoc is in the maven repo."""
235124_2,NO,"""if you want to view online there is a refreshed version here: wicketstuff.org/wicket13doc  for fragment see here  http://wicketstuff.org/wicket13doc/org/apache/wicket/markup/html/panel/Fragment.html"""
1152183_1,NO,"""I would like to get some early comments on the changes I have made to the Namenode to support restarting within the same JVM."""
1152183_2,NO,"""There are still some debugging prints that will go away in the final submission."""
853658_1,NO,"""Oops, you're right, that makes sense."""
853658_2,NO,"""New patch that includes those changes."""
1678342_2,NO,"""In the future, I could just get around the issue by using relative symlinks for those files (I think)."""
938748_4,NO,"""The patch does not contain any @author tags."""
938748_6,NO,"""The patch doesn't appear to include any new or modified tests."""
938748_7,NO,"""Please justify why no new tests are needed for this patch."""
938748_8,NO,"""Also please list what manual steps were performed to verify this patch."""
938748_14,NO,"""The javadoc tool did not generate any warning messages."""
938748_16,NO,"""The applied patch does not increase the total number of javac compiler warnings."""
938748_18,NO,"""The patch appears to introduce 1 new Findbugs (version 1.3.9) warnings."""
938748_20,NO,"""The applied patch does not increase the total number of release audit warnings."""
938748_23,NO,"""The mvn site goal succeeds with this patch."""
938748_24,NO,"""{color:green}+1 core tests{color}."""
938748_25,NO,"""The patch passed unit tests in ."""
1628828_1,NO,"""Fxied and regression test written"""
694863_1,NO,"""These 3 crashes happen while compiling DocumentWriter.invertDocument."""
694863_2,NO,"""It must be a bug in Sun's hotspot compiler."""
694863_3,NO,"""Has anyone opened an issue at http://bugs.sun.com yet?"""
694863_4,NO,"""That method, which inverts a single document, was replaced with new code starting with 2.3, so it's possible you can workaround the bug by upgrading to 2.3 or 2.4."""
694863_5,NO,"""But it'd still be nice to get the actual hotspot bug fixed."""
715464_1,NO,"""How about following the naming from Math.min() and Math.max(): public static Date min(Date date1, Date date2); public static Date max(Date date1, Date date2);  Alternatively, when I read 'Returnes [sic] the least recent (oldest)"", why not call the methods oldest() and newest()"""
514698_1,NO,"""Improve patch : when the flexibleString is resolved, search fields on root context and parameters map."""
1604507_1,NO,"""Yes, but even for Java 5 a relative path to a directory with flattened dependencies would be shorter, wouldn't it?"""
997092_1,NO,"""Committed to 0.92 and trunk."""
1416147_1,NO,"""And compatibility test also ...."""
736254_1,NO,"""Murray, that is exactly what I am proposing - having a separate org.apache.jspwiki.api -package, and placing a number of existing manager classes into it as interfaces."""
736254_2,NO,"""Or to be precise, a mostly equivalent set of APIs; JCR requires some modifications which would make it complicated to support the existing set of APIs - mainly because we need to carry state information in a WikiContext, which the old API signatures do not mostly support."""
736254_3,NO,"""I would also like us to start using WikiNames wherever useful."""
736254_4,NO,"""The idea behind this is largely the same as with our existing package structure - there is nothing technical in preventing *everything* to be in the org.apache.jspwiki -namespace (with no subpackages), but both aesthetics and experience tell us that it just makes sense to add subpackages to make class management easier."""
736254_5,NO,"""In the same vein, isolating the API interfaces into a separate package makes it a lot easier to manage than having everything dispersed around - e.g."""
736254_6,NO,"""if we want to create a jspwiki-api.jar, we only need to jar up the contents of a particular subdirectory."""
736254_7,NO,"""If the developer wants to know whether he is using any possibly unstable components, all he needs to do is to glance at the set of import statements on the top - if he's using other classes than org.apache.jspwiki.api."""
736254_8,NO,"""*, he knows that the classes are potentially unstable."""
736254_9,NO,"""In addition, it makes the committer's life easier, since there is an agreement by convention that the APIs inside *.api are not to be touched without common agreement, whereas anything outside of this package can be treated with more liberties."""
736254_10,NO,"""We have so many people contributing in the code that API incompatibilities can creep in without anyone noticing."""
736254_11,NO,"""(There is no PageManager at all; there is a ContentManager, which will have a very similar API, but it will manage both pages and attachments."""
1356706_2,NO,"""What's the purpose of this line in the patch to BaseTestCase, Kristian?"""
300300_1,NO,"""Hi Julien, please have a look on ./test/cpp/TestServer.cpp It's doing exactly what you what to do but TFramedTransport is explicitly specified there."""
1009498_1,NO,"""It looks like HLog main has support to invoke --split."""
1009498_2,NO,"""Does it looks like if I call that on the log that it will put split it and put the data into the right place?"""
1009498_3,NO,"""We had a handful of regionservers go OOM yesterday while a MR job was doing heavy writes to a column family that doesn't usually get them."""
1009498_4,NO,"""In this case, the first OOM occurred here during writing the checksum."""
982619_1,NO,"""How about patch 2?"""
982619_2,NO,"""I added a ""."""""
982619_3,NO,"""to the end of the message."""
982619_4,NO,"""So we are sure how to parse it no matter how hadoop/platform changes."""
1629869_1,NO,"""Hi Senaka,  That is exactly what I'd like to do, i.e., automatic download of CA cert and go ahead."""
1629869_2,NO,"""Is this possible?"""
1629869_3,NO,"""Frank """
1320890_1,NO,"""Please have a look at the latest patch FELIX-3339_threaddump-as-inventoryprinter_FIXED.patch which correctly provides an InventoryPrinter implementation of Thread Dumper, have a look at the attached Screen Shot 2013-05-23 at 3.02.24 PM.pdf to see it in action embedded in the WebConsole."""
1320890_2,NO,"""I hope you'll like it!"""
1095817_1,NO,"""The patch looks good and the tests pass +1."""
1403474_1,NO,"""I agree there's a bug, I just want to ensure any change still works correctly when CURRENT_USER name is passed in."""
1403474_2,NO,"""My assertion is that the username passed into these routines (without any modification) is equivalent to value of an username identifier in the SQL language after it has been parsed by the SQL engine."""
1403474_3,NO,"""This is also known as ""how it is stored in the SQL engine"" [JDBC]."""
1403474_5,NO,"""Note that though how users names are represented in the derby."""
1403474_6,NO,"""* properties may or may not match how a SQL engine would store them."""
1403474_7,NO,"""For historical reasons in some (all?)"""
1403474_8,NO,"""cases the values in a derby."""
1403474_9,NO,"""* property may be as a delimited identifier, e.g."""
1403474_10,NO,"""""eVe""."""
1403474_11,NO,"""Note that the Derby builtin users are not created through a SQL identifier in the SQL language, e.g."""
1403474_12,NO,"""in a CREATE USER statement."""
1403474_13,NO,"""They are created by setting properties and are thus not ""stored in the SQL engine""."""
593534_1,NO,"""Does not appear to exist in trunk."""
1497546_1,NO,"""These blockers and critical issues are resolved but not verified."""
1497546_2,NO,"""Reporters of these issues please verify the fixes and help close these issues"""
1571661_1,NO,"""I couldn't reproduce this."""
1571661_4,NO,"""Ted, can you reproduce this outside of cassidy.pl?"""
1643623_1,NO,"""Thanks for the response."""
1664747_1,YES,"""Thanks a lot for sharing that, Josh!"""
1664747_2,NO,"""I like the idea of making sure that things that should be specified should be passed as method parameters in one go, rather than through chaining, which makes it a lot harder to see what is required."""
1664747_3,NO,"""So I took the liberty of updating the patch to use requiredX/optionalX methods like in your code."""
1664747_5,NO,"""Regarding Doug's points...  > But perhaps the preferred import should instead be 'import static SchemaBuilder.*'?"""
1664747_6,NO,"""The static methods have unique-enough names that this might work well."""
1664747_8,NO,"""Sounds good."""
1664747_9,NO,"""> We can convert from Java object to JsonNode by parsing the output of GenericData.toString(Object)."""
1664747_10,NO,"""Thanks."""
1664747_11,NO,"""I've updated the patch to do this, but it still needs tests for this part."""
995004_3,NO,"""I'm thinking of multiple concurrent mutateRows operation, trying to lock the same set of rows."""
995004_4,NO,"""Perhaps, throwing IOException is going to prevent us from a situation where we end up with a deadlock."""
995004_5,NO,"""But, we still might want to sort it to ensure (better) progress (no livelock)."""
1126952_1,NO,"""Unless I'm missing something, your patch doesn't actually change how the version is checked, only how it's computed."""
1126952_2,NO,"""Did you intend to combine our patches, or is your patch incomplete?"""
1427298_1,NO,"""[bulk update] Close all resolved issues that haven't been updated for more than one year."""
508238_1,NO,"""- push out to 0.5"""
181726_1,NO,"""A workaround for this issue is to use entity resolver."""
181726_2,NO,"""You may close this issue."""
1719663_1,YES,"""Thanks a lot Subin."""
1719663_2,NO,"""Also, when do you plan to take up AMBARI-1843 for adding the unit tests?"""
1719663_3,NO,"""We do not have to block this jira on the unit tests but we should probably try and get that in sooner than later."""
1721286_1,NO,"""Added patch to support configuration mapping"""
1456970_1,NO,"""Wonky."""
1456970_2,NO,"""Although as far as I see it, the bug here is that we allow the underscore after ""_design/"" not that we can't use filters from it."""
424130_2,YES,"""Brilliant feedback, thanks! I'm glad you found the issue, and the solution!"""
367351_1,YES,"""Sweet :) You got there before me"""
639780_1,YES,"""bq. First of welcome :) Thank you. """
639780_2,YES,"""Thats sweet that you have the prior experience hacking this on top of a store already."""
562912_1,YES,"""Excellent work, Doğacan - thank you."""
643148_1,YES,"""This looks simple and sweet to me."""
355390_1,YES,"""Sweet kickstart for our new wiki!"""
527485_1,YES,"""Hello,  Thanks a lot!  It works.  Lisa """
761562_1,YES,"""Yes please - pull request away, my friend!"""
